BehaviorSpace results (NetLogo 6.1.1),,,,,,,,,,,,,,,,,,,,,,,,,,,,,,,,,,,,,,,,,,,,,,,,,,,,,,,,,,,,
final model V1.nlogo,,,,,,,,,,,,,,,,,,,,,,,,,,,,,,,,,,,,,,,,,,,,,,,,,,,,,,,,,,,,
nearest exit,,,,,,,,,,,,,,,,,,,,,,,,,,,,,,,,,,,,,,,,,,,,,,,,,,,,,,,,,,,,
01/04/2021 11:29:25:131 +0100,,,,,,,,,,,,,,,,,,,,,,,,,,,,,,,,,,,,,,,,,,,,,,,,,,,,,,,,,,,,
min-pxcor,max-pxcor,max-pycor,,,,,,,,,,,,,,,,,,,,,,,,,,,,,,,,,,,,,,,,,,,,,,,,,,,,,,,,,,
0,254,267,,,,,,,,,,,,,,,,,,,,,,,,,,,,,,,,,,,,,,,,,,,,,,,,,,,,,,,,,,
[run number],1,2,3,4,5,6,7,8,9,10,11,12,13,14,15,16,17,18,19,20,21,22,23,24,25,26,27,28,29,30,31,32,33,34,35,36,37,38,39,40,41,42,43,44,45,46,47,48,49,50,51,52,53,54,55,56,57,58,59,60
percentage-female,50,50,50,50,50,50,50,50,50,50,50,50,50,50,50,50,50,50,50,50,50,50,50,50,50,50,50,50,50,50,50,50,50,50,50,50,50,50,50,50,50,50,50,50,50,50,50,50,50,50,50,50,50,50,50,50,50,50,50,50
number-workers,50,50,50,50,50,50,50,50,50,50,50,50,50,50,50,50,50,50,50,50,50,50,50,50,50,50,50,50,50,50,50,50,50,50,50,50,50,50,50,50,50,50,50,50,50,50,50,50,50,50,50,50,50,50,50,50,50,50,50,50
default,2,2,2,2,2,2,2,2,2,2,2,2,2,2,2,2,2,2,2,2,2,2,2,2,2,2,2,2,2,2,2,2,2,2,2,2,2,2,2,2,2,2,2,2,2,2,2,2,2,2,2,2,2,2,2,2,2,2,2,2
vision-range,10,10,10,10,10,10,10,10,10,10,10,10,10,10,10,10,10,10,10,10,10,10,10,10,10,10,10,10,10,10,10,10,10,10,10,10,10,10,10,10,10,10,10,10,10,10,10,10,10,10,10,10,10,10,10,10,10,10,10,10
percentage-trained-visitors,0,0,0,0,0,0,0,0,0,0,20,20,20,20,20,20,20,20,20,20,40,40,40,40,40,40,40,40,40,40,60,60,60,60,60,60,60,60,60,60,80,80,80,80,80,80,80,80,80,80,100,100,100,100,100,100,100,100,100,100
workers-in-offices,85,85,85,85,85,85,85,85,85,85,85,85,85,85,85,85,85,85,85,85,85,85,85,85,85,85,85,85,85,85,85,85,85,85,85,85,85,85,85,85,85,85,85,85,85,85,85,85,85,85,85,85,85,85,85,85,85,85,85,85
debug?,true,true,true,true,true,true,true,true,true,true,true,true,true,true,true,true,true,true,true,true,true,true,true,true,true,true,true,true,true,true,true,true,true,true,true,true,true,true,true,true,true,true,true,true,true,true,true,true,true,true,true,true,true,true,true,true,true,true,true,true
number-visitors,450,450,450,450,450,450,450,450,450,450,450,450,450,450,450,450,450,450,450,450,450,450,450,450,450,450,450,450,450,450,450,450,450,450,450,450,450,450,450,450,450,450,450,450,450,450,450,450,450,450,450,450,450,450,450,450,450,450,450,450
time-til-emergency,30,30,30,30,30,30,30,30,30,30,30,30,30,30,30,30,30,30,30,30,30,30,30,30,30,30,30,30,30,30,30,30,30,30,30,30,30,30,30,30,30,30,30,30,30,30,30,30,30,30,30,30,30,30,30,30,30,30,30,30
alert-threshold,3,3,3,3,3,3,3,3,3,3,3,3,3,3,3,3,3,3,3,3,3,3,3,3,3,3,3,3,3,3,3,3,3,3,3,3,3,3,3,3,3,3,3,3,3,3,3,3,3,3,3,3,3,3,3,3,3,3,3,3
verbose?,true,true,true,true,true,true,true,true,true,true,true,true,true,true,true,true,true,true,true,true,true,true,true,true,true,true,true,true,true,true,true,true,true,true,true,true,true,true,true,true,true,true,true,true,true,true,true,true,true,true,true,true,true,true,true,true,true,true,true,true
[reporter],count turtles,count turtles,count turtles,count turtles,count turtles,count turtles,count turtles,count turtles,count turtles,count turtles,count turtles,count turtles,count turtles,count turtles,count turtles,count turtles,count turtles,count turtles,count turtles,count turtles,count turtles,count turtles,count turtles,count turtles,count turtles,count turtles,count turtles,count turtles,count turtles,count turtles,count turtles,count turtles,count turtles,count turtles,count turtles,count turtles,count turtles,count turtles,count turtles,count turtles,count turtles,count turtles,count turtles,count turtles,count turtles,count turtles,count turtles,count turtles,count turtles,count turtles,count turtles,count turtles,count turtles,count turtles,count turtles,count turtles,count turtles,count turtles,count turtles,count turtles
[final],1,1,1,1,1,2,1,2,3,1,1,1,1,1,1,1,1,1,1,2,1,1,1,1,1,1,1,1,1,1,1,1,1,1,1,1,1,1,3,1,1,3,1,1,1,1,1,1,1,1,1,3,1,1,1,1,1,1,1,1
[min],1,1,1,1,1,2,1,2,3,1,1,1,1,1,1,1,1,1,1,2,1,1,1,1,1,1,1,1,1,1,1,1,1,1,1,1,1,1,3,1,1,3,1,1,1,1,1,1,1,1,1,3,1,1,1,1,1,1,1,1
[max],499,499,499,499,499,499,499,499,499,499,499,499,499,499,499,499,499,499,499,499,499,499,499,499,499,499,499,499,499,499,499,499,499,499,499,499,499,499,499,499,499,499,499,499,499,499,499,499,499,499,499,499,499,499,499,499,499,499,499,499
[mean],217.322274881517,246.952380952381,239.313315926893,240.830687830688,233.874686716792,238.607235142119,241.262337662338,241.963824289406,251.595744680851,235.614987080103,229.052083333333,237.5,232.422872340426,238.299465240642,240.505347593583,220.014814814815,215.75495049505,223.645569620253,226.568922305764,226.870229007634,225.968421052632,221.084398976982,237.73544973545,228.147286821705,238.596730245232,234.310344827586,221.274111675127,224.913612565445,227.158291457286,222.060913705584,234.88829787234,230.543080939948,241.402116402116,235.626666666667,227.269633507853,229.271276595745,221.997442455243,240.823033707865,236.895604395604,226.653846153846,223.239795918367,229.751958224543,227.130102040816,222.622784810127,216.320293398533,229.266666666667,231.528497409326,232.519893899204,234.615384615385,232.391076115486,228.347715736041,225.927807486631,223.853904282116,239.275675675676,227.608808290155,226.666666666667,234.610215053763,226.129198966408,226.089058524173,220.02538071066
[steps],421,377,382,377,398,386,384,386,375,386,383,379,375,373,373,404,403,394,398,392,379,390,377,386,366,376,393,381,397,393,375,382,377,374,381,375,390,355,363,389,391,382,391,394,408,389,385,376,389,380,393,373,396,369,385,392,371,386,392,393
,,,,,,,,,,,,,,,,,,,,,,,,,,,,,,,,,,,,,,,,,,,,,,,,,,,,,,,,,,,,
[all run data],count turtles,count turtles,count turtles,count turtles,count turtles,count turtles,count turtles,count turtles,count turtles,count turtles,count turtles,count turtles,count turtles,count turtles,count turtles,count turtles,count turtles,count turtles,count turtles,count turtles,count turtles,count turtles,count turtles,count turtles,count turtles,count turtles,count turtles,count turtles,count turtles,count turtles,count turtles,count turtles,count turtles,count turtles,count turtles,count turtles,count turtles,count turtles,count turtles,count turtles,count turtles,count turtles,count turtles,count turtles,count turtles,count turtles,count turtles,count turtles,count turtles,count turtles,count turtles,count turtles,count turtles,count turtles,count turtles,count turtles,count turtles,count turtles,count turtles,count turtles
,499,499,499,499,499,499,499,499,499,499,499,499,499,499,499,499,499,499,499,499,499,499,499,499,499,499,499,499,499,499,499,499,499,499,499,499,499,499,499,499,499,499,499,499,499,499,499,499,499,499,499,499,499,499,499,499,499,499,499,499
,499,499,499,499,499,499,499,499,499,499,499,499,499,499,499,499,499,499,499,499,499,499,499,499,499,499,499,499,499,499,499,499,499,499,499,499,499,499,499,499,499,499,499,499,499,499,499,499,499,499,499,499,499,499,499,499,499,499,499,499
,499,499,499,499,499,499,499,499,499,499,499,499,499,499,499,499,499,499,499,499,499,499,499,499,499,499,499,499,499,499,499,499,499,499,499,499,499,499,499,499,499,499,499,499,499,499,499,499,499,499,499,499,499,499,499,499,499,499,499,499
,499,499,499,499,499,499,499,499,499,499,499,499,499,499,499,499,499,499,499,499,499,499,499,499,499,499,499,499,499,499,499,499,499,499,499,499,499,499,499,499,499,499,499,499,499,499,499,499,499,499,499,499,499,499,499,499,499,499,499,499
,499,499,499,499,499,499,499,499,499,499,499,499,499,499,499,499,499,499,499,499,499,499,499,499,499,499,499,499,499,499,499,499,499,499,499,499,499,499,499,499,499,499,499,499,499,499,499,499,499,499,499,499,499,499,499,499,499,499,499,499
,499,499,499,499,499,499,499,499,499,499,499,499,499,499,499,499,499,499,499,499,499,499,499,499,499,499,499,499,499,499,499,499,499,499,499,499,499,499,499,499,499,499,499,499,499,499,499,499,499,499,499,499,499,499,499,499,499,499,499,499
,499,499,499,499,499,499,499,499,499,499,499,499,499,499,499,499,499,499,499,499,499,499,499,499,499,499,499,499,499,499,499,499,499,499,499,499,499,499,499,499,499,499,499,499,499,499,499,499,499,499,499,499,499,499,499,499,499,499,499,499
,499,499,499,499,499,499,499,499,499,499,499,499,499,499,499,499,499,499,499,499,499,499,499,499,499,499,499,499,499,499,499,499,499,499,499,499,499,499,499,499,499,499,499,499,499,499,499,499,499,499,499,499,499,499,499,499,499,499,499,499
,499,499,499,499,499,499,499,499,499,499,499,499,499,499,499,499,499,499,499,499,499,499,499,499,499,499,499,499,499,499,499,499,499,499,499,499,499,499,499,499,499,499,499,499,499,499,499,499,499,499,499,499,499,499,499,499,499,499,499,499
,499,499,499,499,499,499,499,499,499,499,499,499,499,499,499,499,499,499,499,499,499,499,499,499,499,499,499,499,499,499,499,499,499,499,499,499,499,499,499,499,499,499,499,499,499,499,499,499,499,499,499,499,499,499,499,499,499,499,499,499
,499,499,499,499,499,499,499,499,499,499,499,499,499,499,499,499,499,499,499,499,499,499,499,499,499,499,499,499,499,499,499,499,499,499,499,499,499,499,499,499,499,499,499,499,499,499,499,499,499,499,499,499,499,499,499,499,499,499,499,499
,499,499,499,499,499,499,499,499,499,499,499,499,499,499,499,499,499,499,499,499,499,499,499,499,499,499,499,499,499,499,499,499,499,499,499,499,499,499,499,499,499,499,499,499,499,499,499,499,499,499,499,499,499,499,499,499,499,499,499,499
,499,499,499,499,499,499,499,499,499,499,499,499,499,499,499,499,499,499,499,499,499,499,499,499,499,499,499,499,499,499,499,499,499,499,499,499,499,499,499,499,499,499,499,499,499,499,499,499,499,499,499,499,499,499,499,499,499,499,499,499
,499,499,499,499,499,499,499,499,499,499,499,499,499,499,499,499,499,499,499,499,499,499,499,499,499,499,499,499,499,499,499,499,499,499,499,499,499,499,499,499,499,499,499,499,499,499,499,499,499,499,499,499,499,499,499,499,499,499,499,499
,499,499,499,499,499,499,499,499,499,499,499,499,499,499,499,499,499,499,499,499,499,499,499,499,499,499,499,499,499,499,499,499,499,499,499,499,499,499,499,499,499,499,499,499,499,499,499,499,499,499,499,499,499,499,499,499,499,499,499,499
,499,499,499,499,499,499,499,499,499,499,499,499,499,499,499,499,499,499,499,499,499,499,499,499,499,499,499,499,499,499,499,499,499,499,499,499,499,499,499,499,499,499,499,499,499,499,499,499,499,499,499,499,499,499,499,499,499,499,499,499
,499,499,499,499,499,499,499,499,499,499,499,499,499,499,499,499,499,499,499,499,499,499,499,499,499,499,499,499,499,499,499,499,499,499,499,499,499,499,499,499,499,499,499,499,499,499,499,499,499,499,499,499,499,499,499,499,499,499,499,499
,499,499,499,499,499,499,499,499,499,499,499,499,499,499,499,499,499,499,499,499,499,499,499,499,499,499,499,499,499,499,499,499,499,499,499,499,499,499,499,499,499,499,499,499,499,499,499,499,499,499,499,499,499,499,499,499,499,499,499,499
,499,499,499,499,499,499,499,499,499,499,499,499,499,499,499,499,499,499,499,499,499,499,499,499,499,499,499,499,499,499,499,499,499,499,499,499,499,499,499,499,499,499,499,499,499,499,499,499,499,499,499,499,499,499,499,499,499,499,499,499
,499,499,499,499,499,499,499,499,499,499,499,499,499,499,499,499,499,499,499,499,499,499,499,499,499,499,499,499,499,499,499,499,499,499,499,499,499,499,499,499,499,499,499,499,499,499,499,499,499,499,499,499,499,499,499,499,499,499,499,499
,499,499,499,499,499,499,499,499,499,499,499,499,499,499,499,499,499,499,499,499,499,499,499,499,499,499,499,499,499,499,499,499,499,499,499,499,499,499,499,499,499,499,499,499,499,499,499,499,499,499,499,499,499,499,499,499,499,499,499,499
,499,499,499,499,499,499,499,499,499,499,499,499,499,499,499,499,499,499,499,499,499,499,499,499,499,499,499,499,499,499,499,499,499,499,499,499,499,499,499,499,499,499,499,499,499,499,499,499,499,499,499,499,499,499,499,499,499,499,499,499
,499,499,499,499,499,499,499,499,499,499,499,499,499,499,499,499,499,499,499,499,499,499,499,499,499,499,499,499,499,499,499,499,499,499,499,499,499,499,499,499,499,499,499,499,499,499,499,499,499,499,499,499,499,499,499,499,499,499,499,499
,499,499,499,499,499,499,499,499,499,499,499,499,499,499,499,499,499,499,499,499,499,499,499,499,499,499,499,499,499,499,499,499,499,499,499,499,499,499,499,499,499,499,499,499,499,499,499,499,499,499,499,499,499,499,499,499,499,499,499,499
,499,499,499,499,499,499,499,499,499,499,499,499,499,499,499,499,499,499,499,499,499,499,499,499,499,499,499,499,499,499,499,499,499,499,499,499,499,499,499,499,499,499,499,499,499,499,499,499,499,499,499,499,499,499,499,499,499,499,499,499
,499,499,499,499,499,499,499,499,499,499,499,499,499,499,499,499,499,499,499,499,499,499,499,499,499,499,499,499,499,499,499,499,499,499,499,499,499,499,499,499,499,499,499,499,499,499,499,499,499,499,499,499,499,499,499,499,499,499,499,499
,499,499,499,499,499,499,499,499,499,499,499,499,499,499,499,499,499,499,499,499,499,499,499,499,499,499,499,499,499,499,499,499,499,499,499,499,499,499,499,499,499,499,499,499,499,499,499,499,499,499,499,499,499,499,499,499,499,499,499,499
,499,499,499,499,499,499,499,499,499,499,499,499,499,499,499,499,499,499,499,499,499,499,499,499,499,499,499,499,499,499,499,499,499,499,499,499,499,499,499,499,499,499,499,499,499,499,499,499,499,499,499,499,499,499,499,499,499,499,499,499
,499,499,499,499,499,499,499,499,499,499,499,499,499,499,499,499,499,499,499,499,499,499,499,499,499,499,499,499,499,499,499,499,499,499,499,499,499,499,499,499,499,499,499,499,499,499,499,499,499,499,499,499,499,499,499,499,499,499,499,499
,499,499,499,499,499,499,499,499,499,499,499,499,499,499,499,499,499,499,499,499,499,499,499,499,499,499,499,499,499,499,499,499,499,499,499,499,499,499,499,499,499,499,499,499,499,499,499,499,499,499,499,499,499,499,499,499,499,499,499,499
,499,499,499,499,499,499,499,499,499,499,499,499,499,499,499,499,499,499,499,499,499,499,499,499,499,499,499,499,499,499,499,499,499,499,499,499,499,499,499,499,499,499,499,499,499,499,499,499,499,499,499,499,499,499,499,499,499,499,499,499
,499,499,499,499,499,499,499,499,499,499,499,499,499,499,499,499,499,499,499,499,499,499,499,499,499,499,499,499,499,499,499,499,499,499,499,499,499,499,499,499,499,499,499,499,499,499,499,499,499,499,499,499,499,499,499,499,499,499,499,499
,499,499,499,499,499,499,499,499,499,499,499,499,498,499,499,499,499,499,499,499,499,499,499,499,499,499,499,498,499,499,499,499,499,499,499,499,499,498,498,499,498,499,499,499,499,499,499,499,499,499,499,499,499,499,499,499,499,499,499,499
,499,499,498,499,497,498,499,498,498,499,499,499,498,499,499,499,499,498,499,499,499,498,499,499,499,496,499,497,499,498,498,499,499,498,499,498,499,497,498,499,498,499,498,499,499,499,499,499,499,499,498,499,499,499,499,499,499,498,499,499
,499,498,498,498,497,498,499,498,498,498,499,499,498,499,499,498,499,498,499,499,499,498,499,499,499,496,499,497,499,498,498,499,498,498,499,497,499,497,498,499,498,499,498,499,499,498,499,499,499,498,498,499,499,499,499,499,499,498,498,499
,499,498,498,498,497,498,499,498,498,498,499,499,498,498,499,498,499,498,499,499,499,497,497,499,499,496,499,496,499,498,497,499,497,498,499,497,499,496,497,499,498,499,497,499,499,498,499,499,499,498,498,498,499,498,499,499,499,498,498,499
,498,498,497,498,497,496,499,498,498,498,499,499,498,498,499,498,499,498,499,499,499,497,497,499,499,496,499,496,499,498,497,499,497,498,498,497,498,496,496,499,498,499,497,499,498,497,498,498,499,498,498,498,499,498,499,499,497,498,498,499
,498,498,496,497,497,496,499,498,497,498,499,499,498,498,499,498,499,498,498,499,498,497,497,498,499,496,499,495,498,496,497,499,497,498,498,497,498,495,496,497,498,499,497,499,498,497,497,497,499,498,497,496,499,497,498,499,497,498,497,498
,498,498,496,496,497,496,499,498,497,497,499,498,497,498,499,498,498,497,498,499,498,497,497,498,498,495,499,495,498,496,497,499,496,498,498,497,498,495,496,497,498,498,497,498,497,497,497,497,498,498,497,496,499,497,497,499,497,497,497,498
,498,498,495,496,496,496,498,497,495,496,499,497,497,498,498,498,498,497,497,499,498,497,496,498,498,495,498,494,498,494,497,498,496,498,498,496,497,494,496,495,498,498,496,498,497,496,497,497,497,497,497,496,499,497,497,499,496,497,497,498
,497,498,495,496,496,496,498,497,495,496,499,497,497,498,498,498,498,497,496,499,498,496,496,498,498,495,498,493,498,494,497,498,496,498,497,496,497,494,496,495,498,498,495,497,497,494,497,497,496,495,497,496,499,496,497,497,495,497,497,498
,497,498,494,496,495,496,498,497,495,496,499,497,497,498,497,498,497,496,495,498,498,496,496,498,497,494,498,493,497,494,496,498,496,498,497,495,497,493,495,494,498,498,494,497,497,492,496,497,496,495,497,496,499,496,497,496,494,496,497,497
,497,498,494,496,495,495,497,497,495,495,499,496,496,497,497,498,497,496,495,498,497,496,494,497,496,494,496,493,497,494,494,498,495,497,496,494,497,493,495,494,498,498,494,497,497,492,495,496,496,494,497,495,499,495,496,495,493,496,497,497
,497,498,494,495,495,495,497,497,494,495,499,496,496,496,497,497,496,496,494,498,497,496,494,496,496,494,496,493,497,493,493,498,493,496,496,494,497,493,495,494,497,496,494,496,497,492,495,496,495,494,497,495,499,495,496,494,492,495,496,497
,497,498,494,495,495,495,497,497,492,495,498,496,496,496,497,497,496,496,494,498,497,495,494,495,496,494,496,493,497,491,493,498,493,496,496,494,495,492,495,494,495,496,493,496,497,492,495,495,495,493,497,493,499,495,496,494,492,495,496,497
,497,498,494,495,495,494,497,497,490,495,498,496,496,496,497,497,496,496,493,498,497,493,493,494,496,494,496,493,496,491,493,497,493,496,496,494,494,492,494,494,495,496,492,495,497,490,495,495,495,492,494,491,499,494,495,493,492,494,495,497
,496,498,493,494,494,494,497,496,486,495,498,496,496,496,496,497,496,496,493,497,495,493,493,494,496,493,496,492,495,490,493,497,492,496,495,494,492,492,494,493,495,496,491,491,497,489,495,495,495,492,494,491,498,494,494,493,491,494,494,497
,495,498,493,493,494,494,496,495,485,494,498,496,496,495,495,497,496,495,492,497,495,491,492,494,496,493,496,491,495,489,493,495,492,496,495,494,492,492,494,492,495,495,491,490,497,489,495,494,495,492,494,491,498,494,494,490,490,494,494,496
,494,498,493,493,492,492,495,495,485,494,498,494,495,495,495,497,496,494,492,496,494,491,492,494,496,492,494,491,493,489,492,494,491,494,494,494,490,492,494,491,495,495,491,490,497,489,495,493,495,491,494,491,498,494,494,490,490,494,493,492
,494,497,493,493,492,492,495,494,484,493,498,494,493,494,495,497,495,494,492,496,493,490,491,494,496,492,493,491,493,487,491,494,490,494,494,494,490,492,494,490,495,493,489,490,496,489,495,490,495,488,493,490,498,493,494,490,489,493,493,491
,493,497,492,492,492,492,495,494,484,493,498,494,492,493,495,497,495,494,492,496,491,489,490,494,496,491,493,490,493,486,488,494,488,493,494,494,489,490,493,489,494,493,489,490,495,489,495,489,494,488,493,490,498,492,494,490,488,491,492,491
,492,496,492,492,492,492,495,494,484,493,498,494,491,493,494,497,495,494,491,495,488,489,487,493,496,491,493,489,491,486,487,494,488,493,492,493,488,489,492,489,494,493,489,490,494,488,494,489,494,486,491,490,497,492,494,490,488,491,491,490
,492,494,492,491,491,491,495,494,484,493,498,493,490,493,492,496,495,492,491,494,487,488,486,492,496,491,493,489,488,485,485,494,488,493,492,491,487,488,490,489,493,493,487,488,493,487,492,488,494,486,491,488,497,491,494,489,487,490,491,488
,492,493,491,491,491,490,494,492,484,493,497,491,490,493,490,495,493,491,490,492,486,488,485,491,495,489,493,488,487,485,485,494,487,491,490,490,487,487,490,489,493,493,487,488,492,485,491,488,494,484,491,486,497,490,494,489,487,490,490,488
,491,492,491,490,491,489,494,491,484,493,495,490,488,492,490,495,492,490,489,492,484,487,485,490,493,488,493,488,487,484,485,493,487,491,490,489,487,486,490,488,493,493,486,488,492,483,491,488,493,484,489,484,496,490,494,488,486,488,488,488
,491,490,490,490,491,488,494,490,484,492,494,490,488,490,490,493,492,489,486,491,483,486,485,489,492,486,493,487,486,482,485,491,486,491,490,489,486,485,487,488,492,492,484,488,490,482,489,487,491,483,489,484,493,489,494,488,485,488,488,487
,491,489,488,488,491,488,493,489,484,492,491,490,486,490,489,491,491,489,486,491,483,486,485,487,488,485,492,487,486,481,485,491,485,491,490,487,482,485,486,488,491,491,484,488,490,480,488,486,491,481,489,484,492,488,493,486,485,485,486,485
,490,489,488,488,490,487,493,488,484,492,491,489,486,489,488,489,490,489,486,491,483,486,483,486,488,485,492,487,486,478,482,489,485,489,490,486,482,484,486,488,491,491,482,488,490,478,488,484,491,480,487,484,492,487,491,485,484,485,485,485
,490,489,487,488,490,487,493,488,482,491,491,488,484,489,486,489,488,488,486,490,483,484,483,486,486,484,490,487,486,476,481,489,484,489,489,486,480,483,484,488,489,491,480,487,488,478,487,482,490,480,487,483,488,487,491,483,484,485,484,484
,490,489,487,488,490,487,491,488,480,489,490,487,483,488,486,489,488,488,486,490,482,483,482,486,484,483,490,486,485,476,481,487,484,486,487,485,479,483,483,488,489,488,479,486,487,476,484,481,488,479,487,481,485,487,490,482,484,483,484,484
,490,487,486,488,488,486,490,485,480,487,489,487,482,488,486,488,487,486,486,490,482,483,480,486,483,481,488,486,485,475,480,487,484,485,487,483,477,482,483,488,487,488,478,485,485,475,481,480,486,478,487,481,484,485,488,482,483,483,484,482
,489,486,485,488,488,485,490,484,477,487,489,486,482,488,485,487,486,486,484,489,479,482,477,484,483,480,486,484,485,475,480,487,481,485,487,482,475,481,482,487,487,488,476,485,482,475,481,480,485,478,485,481,484,482,488,481,482,482,484,481
,489,484,485,486,488,485,490,484,477,487,489,485,481,485,484,486,484,486,483,485,479,479,477,483,483,480,485,481,485,472,479,487,481,483,487,480,474,481,480,486,487,488,475,485,481,474,479,479,485,478,485,480,482,479,488,480,480,478,482,480
,489,481,485,486,487,485,489,483,475,487,489,483,481,484,482,486,483,486,483,485,478,476,476,482,482,477,484,480,484,471,479,487,481,482,486,478,472,480,480,486,486,486,475,484,479,473,479,479,484,476,484,480,481,478,486,480,479,477,481,479
,489,481,484,486,486,484,488,483,473,486,489,481,480,483,481,485,481,485,480,483,476,475,475,479,480,476,483,479,483,470,477,487,481,479,485,477,471,480,478,485,485,483,475,481,478,473,478,479,484,476,483,480,480,476,485,479,478,477,481,474
,487,480,484,484,486,483,487,483,472,485,488,481,479,482,480,482,478,485,476,482,474,475,474,479,480,473,481,476,481,470,477,486,481,479,482,474,467,477,477,483,484,483,474,480,477,472,477,478,484,476,482,479,480,474,484,477,478,476,480,473
,485,480,484,484,486,483,487,481,471,485,488,479,479,479,478,482,477,483,475,479,471,470,473,479,479,473,479,471,479,469,476,484,479,476,481,473,465,476,475,480,483,479,474,479,476,472,474,478,484,475,482,479,478,473,484,476,477,474,479,471
,483,479,484,483,486,481,485,480,469,485,487,479,478,478,475,481,477,482,474,479,471,467,472,479,476,473,475,471,478,469,473,483,479,476,480,473,465,476,474,478,480,479,474,476,475,471,473,476,483,475,481,478,477,473,484,473,477,474,479,470
,483,477,482,482,486,480,485,480,469,485,487,479,474,478,474,481,475,482,472,478,469,464,468,477,476,470,474,471,476,465,472,480,477,474,478,472,463,475,473,475,479,479,471,474,474,469,472,475,483,475,480,476,476,471,480,472,475,470,478,470
,482,476,480,480,486,478,483,480,469,485,484,478,471,477,472,480,471,481,471,476,467,461,468,475,476,468,473,469,475,465,469,480,477,474,477,469,461,475,470,475,478,479,471,472,473,468,470,475,479,475,479,474,475,471,479,471,474,469,478,469
,481,473,480,479,485,477,483,480,469,485,484,477,470,476,472,479,470,480,470,475,467,461,467,475,476,468,471,469,475,462,467,480,476,473,476,468,459,475,469,471,477,477,470,469,473,467,469,474,478,473,479,473,473,470,479,469,473,468,476,468
,481,472,479,478,482,476,480,479,469,484,483,477,469,475,471,478,470,476,470,475,466,461,465,475,475,465,471,466,475,461,465,479,476,472,475,467,456,472,467,471,476,477,469,469,473,467,467,474,478,473,479,473,468,467,475,469,472,467,475,468
,481,472,479,476,482,476,477,479,469,482,482,477,469,475,469,475,470,474,469,474,466,460,465,475,475,464,470,465,474,458,463,479,475,470,475,464,454,471,466,471,475,477,468,468,473,467,465,473,476,473,476,473,468,465,475,469,470,466,475,468
,478,471,477,476,480,475,476,478,469,479,482,477,469,474,468,473,469,474,469,474,464,460,464,475,474,463,470,462,473,458,462,478,475,469,473,464,451,471,464,469,474,477,467,465,470,466,463,469,476,471,475,473,467,464,475,467,470,466,474,467
,477,470,474,475,477,474,476,477,469,479,481,475,469,472,464,472,467,472,468,472,462,458,463,473,472,462,468,461,472,457,462,477,473,468,472,462,450,470,463,468,472,477,467,463,469,465,463,468,475,466,474,471,466,463,474,467,470,464,473,466
,477,470,474,474,476,474,476,477,468,478,481,475,469,471,463,472,466,468,467,472,459,457,462,473,472,460,466,459,472,455,460,474,473,466,470,461,449,470,461,467,472,474,464,463,469,464,463,466,475,465,472,469,465,462,472,466,469,463,472,465
,477,467,473,474,475,474,475,476,467,477,480,475,467,471,460,468,465,468,467,471,456,457,462,473,471,460,466,459,472,455,458,472,471,464,470,460,447,470,458,465,472,472,464,463,469,464,463,465,475,465,470,468,463,462,471,465,467,460,468,463
,477,467,468,473,475,471,475,476,466,477,480,475,467,471,459,466,463,467,465,469,454,455,461,472,468,460,466,458,470,451,457,470,469,464,468,458,446,469,457,462,472,471,464,462,469,462,461,464,474,464,468,467,462,460,470,464,467,459,468,461
,477,465,465,473,474,470,474,474,464,475,478,474,464,470,458,464,460,464,463,469,453,454,459,471,468,458,466,458,467,450,457,469,466,463,467,456,444,469,457,462,471,468,463,460,466,459,460,462,473,464,467,463,462,457,468,464,465,458,468,459
,474,463,465,472,474,470,474,474,463,473,478,474,462,469,458,464,459,463,461,468,453,454,457,469,467,455,465,457,465,449,457,468,466,461,464,454,443,467,456,462,470,468,463,458,465,459,459,461,473,464,466,461,461,457,468,464,465,456,465,458
,473,463,465,471,474,470,472,473,461,472,476,472,460,469,457,460,456,462,460,465,453,452,457,468,464,454,463,457,462,449,456,467,465,460,463,453,441,467,454,460,468,468,462,458,465,459,458,460,472,463,466,460,461,455,465,464,465,455,464,458
,472,463,463,471,474,470,471,472,459,470,475,470,457,467,456,460,454,461,459,464,453,450,456,467,462,454,461,456,462,449,455,466,465,458,463,453,441,464,454,459,467,466,462,457,464,459,457,459,472,462,465,460,461,455,465,463,464,454,463,458
,470,463,463,471,474,469,470,472,458,469,472,466,457,467,454,458,452,461,455,461,452,448,455,466,460,453,459,455,461,445,454,462,463,457,463,453,441,462,453,458,464,466,460,453,463,458,456,456,470,461,464,458,461,453,465,462,463,454,458,458
,469,462,459,471,471,469,469,472,457,466,471,464,454,467,453,457,451,459,455,460,451,446,454,466,457,451,459,454,459,445,453,461,463,457,462,452,439,462,452,458,464,462,458,452,462,457,455,455,467,459,462,457,461,452,465,459,463,451,458,455
,468,462,458,470,469,467,468,472,456,463,469,464,453,467,453,456,449,458,454,460,451,446,452,465,457,451,457,453,458,445,452,458,463,454,460,450,439,461,451,457,464,459,457,450,461,456,455,454,463,456,462,456,459,452,465,459,462,447,458,453
,466,461,456,470,465,467,468,472,456,462,469,464,452,463,453,456,447,457,454,458,449,446,450,464,452,449,455,451,455,445,450,456,462,454,459,447,438,460,451,454,462,459,456,449,460,455,455,453,461,454,461,455,457,451,465,458,461,446,457,450
,462,458,456,469,463,465,468,469,455,462,468,463,449,461,453,455,444,457,453,458,447,445,449,462,450,448,454,450,454,443,449,452,460,454,455,446,434,457,448,454,462,457,456,448,459,454,455,450,458,454,460,454,457,450,462,458,461,444,457,450
,462,458,453,468,463,463,468,467,452,461,466,460,447,459,453,453,443,455,453,457,445,443,449,462,447,448,452,449,453,442,446,451,456,452,454,445,433,456,447,453,461,455,455,447,459,454,455,448,457,450,456,450,454,447,462,456,459,444,455,447
,461,457,453,467,460,463,467,466,449,456,466,459,447,457,453,452,441,454,453,457,445,441,449,461,446,446,448,447,452,441,444,449,454,451,454,444,432,454,446,450,460,454,455,445,458,453,453,447,456,448,454,449,453,447,461,455,457,441,455,443
,458,457,452,467,460,461,466,465,449,456,465,456,447,457,450,449,441,454,452,457,444,440,447,460,446,445,447,446,451,440,443,448,454,449,450,440,431,452,445,449,460,453,454,442,456,451,452,446,453,448,454,447,453,447,458,450,457,440,455,442
,455,457,452,466,458,459,465,460,447,455,463,454,446,453,448,446,440,454,449,457,443,437,445,460,445,442,446,445,449,438,440,448,454,447,450,438,430,452,443,448,457,453,454,442,456,451,450,443,451,446,450,447,450,447,457,448,457,440,453,437
,454,457,450,465,457,456,463,459,445,454,462,451,446,452,447,445,439,453,447,456,442,436,443,459,443,442,445,445,449,437,439,444,454,445,449,435,428,449,440,448,455,451,453,441,454,450,450,440,450,444,448,443,447,444,454,448,456,440,452,436
,451,454,450,463,457,456,462,459,444,454,461,451,443,450,447,443,438,451,447,454,440,436,442,459,441,438,443,443,448,436,438,443,452,442,446,433,425,449,438,448,454,448,451,441,453,450,450,438,446,442,448,440,444,442,451,446,454,439,451,436
,450,453,449,462,457,456,462,457,444,452,461,449,441,447,447,443,437,450,446,454,438,434,440,458,439,433,439,441,446,435,437,442,451,441,446,433,423,448,437,446,453,448,449,441,452,449,446,438,445,442,445,438,443,440,451,445,453,437,450,435
,449,451,446,461,456,454,461,457,443,452,460,447,440,447,446,442,435,448,445,453,437,431,440,455,438,431,439,438,444,433,437,439,447,439,445,433,420,447,437,443,450,448,445,441,452,447,445,437,442,440,444,437,441,436,451,444,452,437,448,433
,447,450,445,461,455,454,460,454,442,451,460,447,437,446,446,440,435,446,443,451,435,431,438,455,435,429,437,435,443,433,436,437,446,436,443,432,419,445,435,441,448,446,441,440,452,444,443,432,441,440,442,437,440,434,450,443,446,435,444,432
,444,448,444,461,455,451,459,454,440,447,460,446,435,445,443,439,432,445,442,449,433,429,438,453,434,427,436,432,442,433,436,436,444,434,442,428,418,443,435,439,446,445,440,436,451,443,441,428,441,439,441,435,437,434,446,441,445,435,443,431
,442,445,442,461,453,447,458,452,438,446,457,446,435,438,442,438,431,444,440,447,430,429,436,451,432,425,434,430,441,432,433,434,442,430,441,424,418,442,433,437,444,443,439,434,449,442,439,427,439,435,441,434,436,433,444,440,444,433,440,431
,441,445,441,460,452,445,456,452,437,445,455,444,434,437,441,437,429,442,437,446,429,425,435,444,429,420,431,428,436,428,433,431,442,427,441,423,418,442,431,435,443,439,437,433,449,438,438,423,438,434,441,432,435,433,443,435,444,431,437,430
,440,443,440,458,452,443,455,450,434,444,452,442,431,437,438,432,425,440,436,443,429,421,434,438,427,419,430,424,436,426,432,428,440,426,441,423,417,439,430,433,442,439,437,430,447,437,438,421,438,433,439,431,429,433,442,434,441,430,437,428
,439,442,437,456,452,442,453,449,433,442,447,441,429,434,437,429,421,440,433,440,427,418,432,432,425,418,430,423,436,424,429,427,439,425,439,423,414,439,427,431,442,436,437,428,444,436,436,416,436,432,438,428,424,431,438,432,440,428,434,426
,437,442,435,454,449,442,453,449,431,440,447,441,428,430,435,426,421,437,433,438,426,418,429,430,423,418,430,423,436,422,429,427,438,424,437,420,411,437,426,427,438,433,435,427,442,434,433,413,435,431,435,427,424,428,436,431,436,427,432,425
,435,440,435,451,447,441,452,448,429,437,446,437,425,427,433,424,415,435,433,435,425,418,426,426,423,416,428,419,433,422,428,424,436,424,435,416,411,437,425,425,432,430,435,424,440,434,430,413,432,430,431,424,423,425,431,427,435,424,432,417
,433,436,432,450,446,440,451,446,428,435,444,437,423,426,432,422,414,433,431,433,421,414,426,424,419,415,424,414,432,416,425,422,433,422,433,415,409,436,424,422,429,427,434,421,440,431,429,411,430,428,428,423,421,421,426,423,434,421,430,414
,433,435,432,448,445,439,450,444,428,431,442,436,421,422,429,418,413,430,431,432,416,412,426,421,416,415,423,412,429,414,423,420,433,419,429,410,408,434,422,419,426,425,433,418,439,430,428,410,429,426,427,418,419,419,421,420,433,418,426,413
,431,433,432,444,445,439,450,443,425,430,442,435,418,420,429,418,411,427,430,431,412,412,424,419,411,413,423,408,425,410,423,419,433,419,427,410,403,432,422,419,424,424,430,416,437,426,424,409,428,424,426,414,416,415,420,418,431,416,424,412
,430,433,428,443,444,438,447,440,423,430,439,435,414,420,427,416,410,425,430,428,411,408,423,415,409,411,419,405,425,407,417,418,432,417,423,406,400,429,422,416,422,423,428,414,433,426,422,407,425,423,422,414,414,414,417,418,430,411,422,412
,427,431,427,442,442,436,444,438,423,430,435,433,412,414,425,414,407,423,429,424,410,406,423,413,405,409,418,401,422,405,413,416,431,416,422,405,397,425,422,415,418,421,426,410,426,422,420,407,423,422,421,407,411,410,415,413,428,409,420,409
,426,430,426,440,441,436,444,436,423,429,434,432,410,413,422,414,406,422,426,422,408,406,421,410,402,408,412,398,421,403,410,415,430,415,419,405,395,424,420,414,416,420,426,408,424,418,417,405,422,421,418,406,411,406,415,411,427,407,416,407
,424,427,423,439,436,433,442,430,423,428,429,430,406,412,421,408,405,418,423,420,407,406,418,408,401,407,412,396,421,403,410,415,427,414,417,404,391,420,419,412,415,419,425,405,417,415,417,403,421,418,418,405,410,405,412,409,427,405,414,404
,423,424,419,435,432,432,441,429,422,427,427,426,405,408,420,405,405,418,421,415,403,402,417,407,400,405,411,394,419,401,408,414,423,410,416,403,390,416,418,411,415,418,421,403,416,414,416,403,419,418,415,402,408,402,410,406,425,402,414,403
,423,424,418,434,432,428,441,424,420,423,426,421,404,407,419,404,403,415,419,414,402,401,416,403,396,403,410,392,417,398,407,413,421,410,412,398,388,415,415,408,412,415,417,401,409,411,416,402,417,416,414,401,408,399,408,404,420,398,413,401
,422,424,417,431,430,428,438,422,419,421,425,420,404,405,419,400,400,414,417,412,399,401,413,402,392,402,409,389,417,396,404,411,419,408,411,396,386,414,412,407,408,414,416,396,406,410,415,401,416,414,410,401,402,398,406,402,419,396,411,399
,421,422,414,427,429,426,437,421,418,420,422,418,401,402,417,399,398,414,416,412,398,400,410,399,390,398,405,385,414,390,404,409,418,406,410,393,383,409,412,406,408,413,414,393,404,408,413,400,413,412,408,397,400,397,405,399,418,392,410,395
,417,419,413,426,428,426,437,420,417,420,421,415,400,401,414,398,397,413,413,411,395,398,406,395,389,397,402,385,412,387,399,408,416,405,409,389,376,406,407,403,403,412,414,392,402,405,412,396,411,409,407,396,398,395,403,395,414,391,409,390
,413,419,411,423,426,424,435,419,415,419,418,411,397,397,413,395,393,411,411,407,392,391,404,392,388,395,402,384,410,385,395,406,415,402,408,389,374,401,404,403,400,411,408,391,400,402,410,392,411,405,405,394,395,393,400,393,413,389,408,389
,409,418,411,419,425,422,433,416,414,417,415,409,397,389,408,393,390,411,408,404,390,390,403,391,384,392,400,380,409,384,394,403,410,400,406,387,373,398,404,400,399,406,406,388,399,397,407,388,410,405,402,394,394,391,400,393,412,388,403,384
,408,415,407,418,423,420,431,412,413,416,413,409,397,385,407,391,388,411,406,401,388,388,402,391,381,391,399,379,405,383,390,401,410,399,403,384,372,395,403,398,394,404,405,387,396,397,405,384,409,403,401,393,393,389,396,388,411,385,400,380
,407,414,403,417,419,420,430,407,412,415,409,408,395,384,405,390,385,408,405,399,386,382,399,391,377,388,397,376,402,380,388,397,408,399,396,380,369,391,403,395,391,402,404,383,390,396,403,381,408,402,400,389,392,384,393,383,411,384,399,378
,406,411,399,415,419,418,429,406,411,412,408,404,391,381,403,389,383,408,403,397,384,381,396,388,376,386,396,375,398,378,386,389,402,398,395,379,368,391,398,392,389,400,404,381,388,394,401,381,407,397,399,388,390,384,393,380,409,379,397,375
,403,410,398,412,419,418,427,405,409,410,403,403,389,378,399,387,380,407,399,392,383,376,394,387,374,384,396,371,396,374,381,387,402,398,393,378,365,390,395,391,386,400,401,378,387,392,396,380,405,394,394,388,388,383,390,379,407,374,393,372
,399,406,397,410,419,416,424,402,408,406,399,402,388,376,396,383,379,406,397,389,382,375,393,384,372,384,394,371,393,371,381,383,398,395,388,373,364,389,389,388,382,396,399,374,387,390,394,379,400,392,391,387,386,383,387,376,404,374,391,370
,398,404,392,408,416,415,424,400,408,404,398,401,383,371,394,378,376,406,395,385,380,373,392,383,371,383,392,370,391,370,379,383,395,392,383,372,358,386,383,386,381,391,393,370,382,389,392,378,399,387,389,383,384,383,385,376,398,370,389,367
,394,402,390,408,413,415,423,398,406,403,397,397,380,369,391,375,376,404,394,384,380,371,391,382,370,379,389,367,387,367,379,381,393,389,378,369,356,383,382,385,380,388,389,368,378,388,390,374,396,386,388,381,382,381,382,375,396,366,389,363
,392,402,389,404,411,414,419,397,406,401,396,396,377,365,388,372,375,403,389,379,377,367,389,381,368,377,387,364,384,366,378,377,391,387,375,366,355,380,379,383,379,387,388,366,377,385,388,369,392,384,386,379,379,379,380,374,395,363,389,359
,391,401,387,402,407,413,415,397,406,400,396,394,374,364,386,370,370,400,386,376,376,362,388,380,362,372,383,364,381,365,371,376,387,385,372,364,355,380,379,379,374,385,384,364,376,383,386,367,388,381,383,375,378,379,377,370,394,360,383,356
,390,400,385,399,405,412,412,396,403,396,393,392,373,361,384,364,364,400,382,375,375,357,384,379,360,370,380,357,379,364,368,375,385,383,370,361,354,377,375,378,371,381,382,360,372,382,383,363,384,377,382,372,376,376,374,368,390,356,380,352
,389,400,385,394,403,410,410,392,401,395,391,392,371,358,382,360,358,397,378,373,367,355,380,376,358,366,378,354,377,360,366,373,382,378,367,361,350,375,371,375,368,381,381,358,366,380,381,362,383,375,378,370,374,374,374,366,387,356,375,351
,387,395,382,390,401,410,410,390,400,392,384,392,370,357,380,360,356,396,377,370,367,352,377,369,356,365,375,349,374,358,363,372,380,376,363,359,347,368,371,370,365,380,380,356,363,376,379,360,378,372,377,368,371,370,368,362,385,354,372,349
,384,393,379,388,401,410,406,389,398,388,379,391,367,355,375,357,355,395,375,364,364,350,373,366,355,364,369,347,369,352,360,370,376,372,360,354,346,367,366,366,359,375,379,352,361,373,375,359,375,365,376,366,368,367,364,359,380,353,368,348
,382,390,376,387,399,407,403,387,396,383,372,390,365,355,375,353,347,390,373,362,362,348,368,364,353,362,364,344,368,350,356,367,371,366,359,353,346,364,362,365,356,372,376,348,357,370,372,357,374,362,372,364,364,364,358,355,378,352,364,346
,382,387,372,387,397,407,398,386,396,380,368,388,363,353,373,350,342,385,370,360,359,347,364,361,351,361,363,343,365,349,356,366,368,366,355,350,346,361,358,364,351,367,371,342,356,369,371,356,371,358,372,359,362,361,355,354,375,351,363,346
,378,387,372,386,395,405,397,385,396,379,365,384,362,351,370,345,340,381,368,359,357,345,364,355,350,357,360,343,361,347,350,360,366,362,352,348,346,358,357,362,349,362,369,340,354,366,368,355,370,354,371,358,360,358,354,351,370,348,362,342
,376,386,370,382,392,404,397,384,395,376,360,381,360,350,365,344,337,375,365,356,357,343,362,353,347,355,356,340,357,346,350,354,365,359,347,342,344,357,355,357,344,361,367,338,349,363,365,350,367,353,369,357,358,356,348,349,364,345,360,339
,375,385,368,379,390,404,395,382,393,375,358,379,355,345,361,342,333,373,358,352,355,342,360,352,345,353,352,335,352,345,350,351,363,357,345,339,341,350,352,353,341,356,366,333,345,362,363,348,366,353,364,355,356,353,345,345,361,344,355,337
,373,382,364,377,389,402,395,380,391,372,356,377,352,341,358,339,329,371,356,347,351,337,358,348,344,349,349,334,352,344,350,349,362,357,343,335,338,349,350,350,338,354,363,332,340,360,359,345,364,346,363,350,352,352,341,341,360,344,350,335
,369,378,362,374,386,400,393,378,388,368,352,373,351,338,355,336,324,370,351,346,344,334,355,346,342,347,347,331,350,344,347,344,358,356,340,335,337,348,346,348,331,349,359,330,336,357,357,344,362,342,360,344,347,349,337,341,358,340,347,332
,368,377,357,369,384,399,391,376,388,363,347,371,349,336,351,334,321,366,348,343,342,333,349,344,339,343,346,328,347,339,345,342,354,352,337,328,332,345,344,347,331,346,358,327,333,356,353,341,360,340,358,339,344,347,333,339,357,339,343,327
,366,377,357,364,384,397,387,376,385,359,346,365,348,334,347,332,318,365,345,341,336,329,347,343,338,338,344,328,344,334,340,338,350,349,335,326,329,343,337,342,325,342,355,327,330,353,349,337,356,339,355,337,343,347,330,337,354,338,342,319
,360,375,356,363,382,393,386,375,384,355,339,360,344,333,345,331,315,364,341,338,327,328,344,342,336,333,338,323,342,332,332,332,348,349,334,325,326,336,331,339,324,340,352,325,327,349,347,332,353,336,352,333,340,345,327,334,349,332,339,313
,358,375,356,359,380,391,383,375,384,353,334,354,340,330,342,326,311,358,336,335,323,327,339,339,335,328,333,319,338,330,328,329,346,345,331,322,323,331,329,337,321,335,348,323,324,347,345,326,348,329,350,329,337,343,326,332,339,330,337,311
,356,373,355,358,379,390,381,374,381,349,333,352,336,325,336,323,306,352,335,334,322,325,334,333,331,326,326,316,332,328,326,325,343,339,326,321,318,329,326,333,320,331,343,320,321,344,341,325,342,326,343,323,334,339,319,331,335,324,334,310
,354,367,355,352,374,381,377,372,379,347,327,351,332,324,334,319,302,351,331,334,316,322,331,331,329,324,323,313,330,327,317,321,340,338,318,321,316,329,324,332,317,328,339,318,318,342,336,321,340,322,341,320,332,334,317,329,328,324,329,307
,352,366,355,349,369,380,374,372,377,344,325,346,330,323,329,315,299,345,329,333,307,320,329,329,327,323,320,308,328,323,313,319,339,334,315,316,311,325,322,329,310,324,337,315,314,337,335,315,338,318,337,316,329,329,316,324,327,319,325,301
,349,363,352,349,364,378,370,371,374,344,321,345,326,318,327,314,295,340,329,330,304,317,327,326,324,321,315,303,324,318,312,315,335,331,312,316,310,322,319,323,309,322,333,313,310,333,331,310,336,315,335,311,323,326,311,319,320,314,319,299
,346,362,349,348,361,375,368,368,369,341,316,337,319,314,325,314,289,336,325,329,299,314,324,323,318,316,312,302,321,315,309,312,332,326,310,312,307,321,318,319,307,320,332,311,308,328,327,303,332,312,334,307,318,321,307,319,318,309,318,299
,344,360,346,346,361,373,366,363,365,340,313,332,315,311,323,309,283,330,323,325,297,313,319,320,314,313,304,298,317,313,306,309,330,325,305,309,302,319,312,315,299,316,329,309,306,325,323,301,331,311,333,304,315,318,302,314,311,306,316,294
,343,358,340,344,357,367,361,362,364,337,309,329,311,309,318,307,281,326,318,323,295,306,317,317,310,309,301,294,314,310,303,303,323,323,300,307,297,314,310,310,296,314,323,304,302,322,317,296,328,309,329,299,314,317,297,312,310,303,314,293
,339,356,338,343,357,365,358,362,364,334,307,324,309,309,313,306,280,321,313,321,295,300,315,312,306,302,297,292,308,307,300,302,323,322,296,304,293,311,303,302,291,309,320,303,293,318,313,295,323,306,325,295,311,312,293,310,306,299,310,288
,338,355,335,338,355,362,354,361,361,332,302,321,303,306,312,304,277,319,306,319,290,299,310,311,301,298,290,291,306,303,297,296,318,319,292,303,291,308,299,299,287,306,319,302,289,310,310,293,321,300,322,292,307,309,285,306,303,294,306,282
,335,354,333,337,352,358,350,360,360,328,299,316,301,304,310,303,274,317,304,314,289,296,305,307,295,295,286,288,302,299,293,294,316,310,288,301,287,306,297,296,285,305,313,295,286,304,305,288,321,294,321,286,303,304,280,302,299,290,301,280
,331,350,331,334,350,356,347,359,358,326,295,313,298,303,305,302,273,315,298,311,285,294,298,303,293,292,285,285,299,297,292,288,316,308,283,299,282,302,292,294,280,301,309,292,283,302,302,282,317,288,318,284,298,303,278,297,296,287,297,277
,328,343,329,334,349,353,339,356,356,325,289,310,292,301,302,300,270,307,298,308,281,290,295,299,293,285,282,283,294,291,289,283,312,303,280,295,280,301,287,291,280,297,305,287,279,300,296,281,313,282,311,282,295,299,274,296,291,286,292,275
,326,338,326,331,347,352,337,353,353,319,285,307,283,296,297,296,265,306,294,305,279,287,292,296,291,282,280,277,291,290,285,280,308,300,275,293,278,296,286,286,276,294,297,284,276,295,293,278,313,280,307,276,289,294,269,293,287,279,290,267
,324,335,324,326,345,349,337,351,351,315,282,303,282,292,295,289,262,302,290,301,274,285,290,294,283,279,277,275,287,288,280,275,306,297,268,290,277,292,280,284,272,287,294,282,274,292,291,274,310,275,305,271,287,288,268,292,282,278,285,267
,319,331,324,324,343,346,334,350,349,309,278,296,278,292,294,285,260,298,288,292,272,284,289,289,276,275,272,270,283,286,273,272,304,295,265,280,275,289,280,280,271,282,292,280,271,291,287,271,304,273,303,269,280,283,266,290,278,278,279,267
,316,327,319,322,339,340,333,348,349,306,273,295,273,287,292,282,259,293,287,286,269,280,287,284,269,272,268,269,282,284,273,270,303,293,263,275,274,285,274,275,264,277,291,276,270,287,285,267,297,270,294,266,278,279,263,287,276,275,273,266
,314,322,318,319,336,339,330,346,348,305,270,294,270,282,289,280,254,289,285,281,265,277,283,279,267,269,265,262,278,281,271,266,300,290,262,270,269,280,269,272,264,274,287,270,268,279,280,263,296,268,292,263,275,277,262,282,270,272,269,258
,312,321,314,318,332,336,328,345,345,301,267,292,265,277,286,279,253,286,279,280,260,269,280,275,263,266,262,258,275,278,266,263,295,287,258,266,268,276,266,271,262,268,282,265,263,277,277,262,293,265,291,260,271,273,256,277,268,268,266,252
,309,318,312,317,327,334,322,341,344,300,265,287,261,276,283,277,249,280,273,276,259,265,277,271,259,264,260,256,272,276,261,256,292,282,253,264,265,273,263,270,257,266,277,263,260,275,270,259,288,263,286,258,267,268,253,275,266,264,266,250
,305,317,310,315,324,329,319,337,340,295,265,284,259,273,280,272,245,278,272,273,257,262,274,267,258,259,256,253,269,275,256,253,290,276,253,263,264,269,261,266,254,263,270,259,257,273,268,255,285,261,283,257,265,266,249,274,262,261,262,245
,303,313,308,312,319,325,317,335,339,292,262,280,257,269,276,270,243,277,267,266,253,257,274,265,252,255,251,252,265,274,252,251,288,273,248,260,262,264,253,265,253,259,270,255,253,271,264,253,280,255,280,253,261,260,247,273,259,259,260,243
,302,313,303,308,315,323,313,333,336,285,260,276,257,262,275,268,242,274,263,266,252,254,272,262,249,253,251,250,263,272,251,250,284,267,243,257,260,261,249,261,247,256,268,247,252,268,259,250,279,253,278,247,258,257,244,271,258,257,253,242
,298,309,298,303,311,322,311,327,334,281,257,270,253,261,273,265,238,269,259,262,252,251,266,259,245,248,249,248,260,267,245,243,282,266,237,255,253,258,246,259,245,255,265,245,251,264,257,245,277,249,272,245,256,251,242,268,253,255,253,236
,294,309,292,301,306,318,307,323,329,278,256,266,250,258,269,264,234,260,255,255,250,247,261,255,243,247,247,246,256,267,242,241,281,261,236,253,250,255,243,256,243,249,262,243,249,263,255,244,276,247,270,241,254,247,241,263,248,254,249,233
,291,304,292,297,303,315,304,317,328,278,255,259,247,257,264,258,232,260,251,253,249,239,258,251,240,246,242,241,253,264,236,236,277,259,234,252,243,252,242,255,238,244,256,242,247,258,252,240,269,244,266,235,250,243,240,260,245,252,247,229
,290,303,291,293,302,312,301,315,327,278,253,255,245,256,261,254,230,252,248,248,244,235,256,249,237,243,238,239,248,261,231,230,275,255,231,247,241,243,241,250,235,241,253,240,243,254,248,237,266,242,258,231,246,240,235,257,243,249,245,225
,286,299,287,290,296,306,294,312,323,273,253,254,243,252,259,251,229,245,246,246,239,233,253,243,236,239,233,238,246,255,227,230,271,252,228,244,240,239,241,244,233,240,250,234,243,251,246,234,263,242,257,228,244,238,232,252,239,246,243,224
,284,298,285,288,294,300,286,311,323,269,251,249,239,251,255,248,226,243,242,241,238,232,248,241,232,237,230,236,240,251,226,226,266,249,227,240,236,234,238,241,228,237,247,229,240,245,243,231,263,240,253,225,242,235,227,248,237,243,241,218
,282,295,284,284,290,299,280,310,315,269,250,244,237,250,254,246,224,242,241,240,234,227,244,240,230,234,228,234,237,250,226,225,259,248,226,237,230,231,234,238,225,232,244,227,235,242,237,229,260,238,250,222,239,235,225,246,233,241,235,214
,277,293,282,283,286,296,275,308,310,269,245,243,236,246,253,244,221,242,239,237,233,226,235,237,227,231,226,232,233,248,225,223,255,246,224,236,224,229,230,238,223,231,240,225,233,240,230,224,257,236,247,217,234,233,221,244,228,238,234,212
,274,289,278,280,284,294,272,308,304,264,241,239,233,242,249,242,215,242,237,236,233,223,234,234,225,230,221,226,233,248,225,221,248,242,219,236,219,226,225,231,221,228,235,223,229,238,224,223,256,234,245,215,234,229,218,240,223,234,231,209
,269,283,276,278,283,289,268,307,301,259,236,236,228,240,245,241,211,235,235,234,232,221,233,230,223,228,219,223,228,245,223,217,242,240,214,233,217,219,222,228,219,227,234,218,228,232,223,220,252,233,241,213,234,226,209,239,219,233,225,207
,268,281,271,273,279,284,265,304,297,256,234,229,228,236,241,238,205,231,233,232,229,216,230,228,220,221,216,220,224,241,219,214,237,238,208,231,210,219,219,224,215,226,231,217,226,229,222,216,250,230,238,210,231,224,208,235,215,231,222,204
,265,279,266,269,276,280,261,300,296,252,229,228,225,230,236,235,204,227,228,230,226,216,227,227,218,219,214,215,222,237,217,213,237,235,204,229,209,215,215,222,210,224,229,214,224,228,222,212,247,230,234,207,224,223,207,233,212,226,217,203
,265,277,263,268,274,276,258,296,293,251,225,226,223,224,233,233,202,225,226,227,222,214,227,223,216,217,212,210,222,235,215,210,236,233,201,223,209,211,213,220,209,219,226,211,221,226,221,211,244,229,229,203,222,221,205,228,207,224,215,200
,264,273,261,265,272,272,253,294,290,251,220,223,218,220,231,231,200,220,223,226,217,211,226,219,212,214,212,207,221,232,213,210,234,230,198,217,206,208,210,218,207,219,225,207,219,223,218,208,241,227,227,198,221,219,202,223,207,219,211,198
,260,271,259,259,267,269,251,292,288,248,217,221,213,218,229,229,199,218,219,223,209,209,226,213,208,212,210,205,217,229,210,210,231,229,194,212,204,204,204,216,205,213,221,205,214,219,218,207,239,221,226,196,219,217,202,222,207,216,209,198
,258,269,257,256,265,267,248,291,286,244,215,218,211,214,226,226,199,216,217,217,209,207,223,209,205,209,210,203,215,228,207,208,227,229,191,211,203,203,201,213,204,208,214,204,211,219,216,204,235,220,226,194,218,214,198,220,206,214,206,195
,255,265,254,253,261,263,246,286,283,241,211,216,208,212,220,225,197,214,216,215,206,205,221,205,204,209,206,203,214,225,205,206,224,229,187,205,202,200,198,212,204,207,212,202,207,217,216,200,233,218,224,192,217,209,198,219,202,214,206,190
,250,262,249,247,258,260,243,285,281,240,208,214,206,208,215,223,197,211,214,212,205,202,219,205,200,206,205,201,213,222,203,202,221,226,182,201,201,196,195,210,202,204,209,201,205,215,212,195,232,217,220,190,212,207,197,216,195,211,204,189
,244,253,245,243,254,250,238,283,279,236,207,212,201,207,212,221,193,208,210,211,200,199,218,204,196,206,204,199,212,219,201,199,221,222,182,196,197,195,192,209,202,202,206,196,203,214,208,194,230,215,216,186,208,204,194,215,194,207,202,188
,239,250,243,240,247,248,233,279,277,235,202,212,198,202,209,221,191,207,205,208,199,196,216,202,191,205,201,198,211,215,198,197,219,219,180,193,195,194,188,205,202,199,200,194,201,210,207,191,228,213,213,184,206,203,191,214,193,207,199,185
,238,246,241,239,243,244,230,275,275,233,201,211,196,201,208,217,190,203,203,205,196,192,214,196,187,203,199,198,204,214,197,194,217,216,180,189,189,190,186,197,199,198,197,194,199,207,205,190,226,207,209,179,204,202,188,212,189,206,194,182
,235,244,237,232,240,242,228,269,270,231,198,207,192,201,205,212,189,202,200,203,195,186,214,192,185,200,193,196,201,211,197,191,213,211,179,187,185,187,183,196,196,195,196,191,196,204,202,188,226,205,208,179,203,202,183,208,188,203,191,178
,235,242,235,230,240,235,226,266,265,225,197,204,189,199,202,209,188,197,197,202,195,186,209,189,182,198,191,195,198,208,195,188,211,208,178,184,184,185,181,194,193,191,194,190,195,200,200,187,225,204,204,178,199,201,182,207,186,201,188,174
,233,237,234,226,236,232,226,265,265,224,195,204,188,195,200,207,188,194,196,199,195,185,205,187,182,196,187,191,194,202,190,187,208,206,176,181,182,182,177,189,192,190,193,189,193,199,198,187,224,202,203,175,199,199,181,205,185,199,186,171
,228,237,230,223,234,232,226,262,263,222,194,202,185,194,197,205,184,191,195,199,193,182,204,185,181,195,186,190,191,201,188,184,207,205,175,178,180,179,175,187,189,188,192,186,190,196,197,185,221,200,202,174,196,198,179,203,182,198,184,168
,226,237,228,222,232,226,221,258,259,218,191,197,184,192,195,203,176,191,193,194,190,180,202,179,179,194,184,188,187,199,188,184,204,204,174,176,179,177,174,184,186,186,189,185,190,196,197,184,219,195,198,171,189,197,179,201,181,196,182,167
,224,235,226,217,225,224,217,256,254,218,187,195,183,189,194,199,175,191,192,187,187,178,202,176,176,193,180,185,187,199,186,184,203,201,173,173,177,174,173,183,184,183,188,183,189,194,197,183,218,193,195,171,184,196,177,200,179,194,179,165
,221,234,225,213,224,221,216,252,248,216,185,193,179,186,193,195,174,188,191,184,183,176,197,173,174,190,175,184,187,196,186,181,202,198,170,172,176,173,172,181,179,178,187,180,188,193,193,181,214,191,194,169,182,193,177,196,177,193,177,163
,219,233,220,209,222,219,214,249,243,214,184,189,176,186,189,193,172,185,191,182,182,175,194,167,171,188,174,178,187,193,184,177,195,196,170,167,174,169,170,180,177,176,182,178,184,187,191,178,211,190,193,165,177,190,174,195,171,189,175,161
,215,232,220,207,217,219,214,246,241,213,182,188,174,185,186,190,172,185,190,178,180,173,194,163,168,185,170,173,186,190,183,176,193,194,168,164,174,166,168,177,175,175,180,176,182,184,190,177,209,184,193,163,175,188,173,194,167,188,171,159
,214,231,217,199,214,215,212,246,234,210,181,186,173,183,185,189,171,183,187,174,175,171,193,160,168,184,166,170,182,188,179,175,190,190,167,164,170,163,165,175,171,172,178,175,177,183,186,175,207,183,191,160,172,187,172,193,162,185,168,158
,210,225,215,192,214,213,209,241,232,208,178,185,168,180,185,185,168,182,186,171,171,170,190,159,167,181,164,167,181,183,176,172,186,187,166,158,168,162,165,170,170,170,175,175,172,180,183,174,206,181,188,157,168,186,170,190,159,183,167,155
,209,221,215,190,208,209,207,239,231,207,175,182,166,179,184,181,165,180,184,169,169,169,187,157,166,176,162,164,179,181,175,170,185,181,166,156,166,159,163,168,170,168,175,173,171,178,180,174,203,177,184,153,165,183,169,187,157,182,167,155
,206,219,214,184,205,209,204,234,227,204,173,179,164,177,182,179,163,176,179,168,168,168,183,155,162,173,159,162,178,178,175,166,181,175,166,155,165,156,159,167,168,164,172,172,165,177,179,169,202,177,181,151,164,178,167,186,157,179,166,152
,204,212,211,179,204,206,201,229,225,201,170,178,162,172,179,178,163,175,178,165,166,165,183,155,161,172,159,159,175,175,175,163,181,173,165,151,161,155,156,164,167,160,171,170,160,176,177,167,198,176,178,148,162,173,166,179,155,176,162,150
,201,208,210,177,203,203,200,225,222,198,168,177,159,169,177,176,162,171,177,163,165,161,179,153,160,172,154,157,174,173,173,161,179,171,163,150,158,155,154,160,166,158,167,168,159,173,173,166,195,173,172,145,161,171,166,175,155,175,161,150
,201,206,205,176,201,200,198,222,219,198,166,175,157,169,176,172,160,168,175,162,159,160,177,150,157,172,152,154,171,170,172,160,175,168,160,150,158,153,154,158,166,156,164,163,157,171,168,163,194,172,170,144,158,168,163,174,154,173,158,149
,199,201,205,169,199,198,189,219,216,195,164,173,155,165,174,168,157,167,174,159,153,156,176,150,154,170,151,153,170,169,171,158,171,165,159,148,155,153,152,156,162,153,163,161,156,171,167,162,192,171,165,142,158,164,162,173,151,169,157,146
,196,197,201,169,199,197,187,216,212,194,164,171,155,165,172,167,155,164,173,157,151,155,175,149,153,169,150,151,167,167,170,155,168,165,156,144,154,149,150,154,162,151,160,160,154,170,166,162,188,170,164,137,153,163,160,170,150,167,154,146
,195,195,200,166,198,191,178,215,210,187,162,171,155,162,171,167,153,162,171,156,147,154,174,148,150,165,149,149,166,167,168,154,168,162,153,143,153,147,149,150,159,151,159,158,151,167,164,160,183,169,159,136,150,161,158,168,147,164,150,146
,193,193,196,164,196,190,172,212,206,186,160,171,154,162,167,165,152,160,170,153,145,152,172,146,149,164,147,147,166,162,167,151,167,161,151,143,150,146,149,148,159,148,157,154,147,163,162,160,181,166,157,134,149,157,155,165,144,164,150,145
,193,193,195,160,195,189,170,207,202,184,156,167,150,159,164,162,149,159,168,151,145,150,169,143,148,163,144,144,164,162,166,148,164,159,149,143,148,143,148,146,158,148,154,153,147,162,159,158,180,164,157,132,149,154,154,164,143,164,148,144
,187,191,193,155,193,183,167,202,200,181,155,166,150,159,162,158,145,155,165,150,143,149,167,142,146,159,143,142,162,159,163,148,163,158,146,140,148,140,147,143,156,146,151,152,145,161,156,154,179,161,156,130,149,151,152,161,143,162,147,143
,185,189,192,153,191,180,160,200,191,176,152,163,146,157,160,157,145,154,163,150,140,147,167,140,144,157,141,139,159,157,161,147,163,157,145,138,146,137,143,140,154,146,150,149,142,161,153,151,174,159,154,129,147,146,150,160,141,160,146,142
,185,187,188,152,185,177,156,199,189,176,150,159,144,154,159,155,144,151,161,147,139,147,162,138,143,156,140,137,158,154,156,145,160,154,139,137,144,136,141,137,152,145,148,149,140,161,151,149,172,156,152,127,145,146,148,157,138,160,146,140
,184,184,183,150,180,176,155,196,188,174,149,157,143,152,157,152,142,149,159,146,135,145,160,135,142,155,139,136,153,153,153,141,160,153,138,137,143,133,139,135,151,143,145,147,138,160,148,148,170,156,148,126,145,143,146,156,136,158,144,137
,182,182,181,149,178,176,154,192,182,173,147,152,142,150,155,151,141,148,159,144,132,144,159,131,142,151,138,136,149,148,150,141,159,151,134,136,141,131,137,134,148,142,143,145,135,159,147,147,164,151,146,126,141,142,143,156,134,158,142,134
,181,180,178,144,173,172,152,188,180,170,144,150,140,149,155,148,140,148,159,141,129,144,156,131,139,150,136,133,146,143,150,139,156,149,132,133,138,128,136,133,148,141,142,144,135,159,144,141,162,149,143,125,139,141,140,153,133,157,138,133
,177,176,177,139,171,168,148,186,173,168,144,149,138,145,153,147,139,145,156,141,126,142,156,130,139,145,136,132,143,143,148,137,153,146,130,133,138,127,131,131,145,140,140,143,134,157,142,138,162,149,141,124,138,139,138,150,129,154,135,133
,176,176,175,136,168,161,147,180,169,164,144,146,138,141,150,144,137,144,155,138,125,139,155,128,138,144,135,129,141,140,145,136,152,146,129,132,137,123,130,130,143,139,139,141,134,155,140,136,162,146,139,123,137,137,136,148,127,153,133,131
,167,174,174,133,168,157,145,178,165,162,143,146,133,140,145,143,137,143,155,137,124,136,152,128,137,140,134,129,137,138,142,136,150,145,128,131,137,119,128,128,140,136,136,139,133,151,137,135,157,143,138,123,136,136,134,147,123,153,131,126
,163,170,171,128,163,154,140,177,158,160,141,143,126,139,141,140,136,138,151,136,123,132,151,128,136,139,133,128,136,137,140,135,149,142,128,130,135,118,125,127,138,135,135,138,132,149,135,133,153,141,137,120,134,134,131,147,122,147,128,123
,157,166,171,124,162,151,137,174,157,158,139,141,123,139,140,139,134,135,149,136,121,130,150,127,135,139,130,126,133,134,137,134,147,140,126,129,134,115,123,127,134,135,135,135,131,148,135,131,152,139,131,119,133,131,128,145,121,144,127,122
,154,160,169,124,161,146,136,170,154,154,137,140,118,139,139,138,133,132,145,136,118,127,147,126,134,136,130,124,132,130,135,134,146,138,124,129,134,111,122,127,131,133,133,134,129,147,134,129,150,138,131,115,131,129,126,143,119,140,127,121
,146,157,165,120,160,145,136,164,149,150,133,138,113,137,138,134,133,131,144,135,117,126,145,122,133,136,127,120,130,128,134,131,145,135,120,129,133,106,122,126,127,132,131,132,127,143,133,127,145,138,131,115,131,127,125,140,116,139,125,119
,141,154,160,119,152,141,131,160,147,148,131,134,112,137,135,134,132,131,143,131,117,126,142,120,132,136,127,115,130,128,133,127,143,133,120,127,132,104,122,125,124,131,130,130,126,140,131,125,144,138,131,113,129,127,125,137,114,138,124,119
,135,151,147,115,146,134,128,155,144,145,126,134,106,136,132,134,130,129,142,131,116,125,140,117,129,132,127,109,129,127,130,127,140,131,117,125,130,102,122,124,121,130,127,129,124,140,130,124,141,133,130,112,128,127,121,137,112,135,120,117
,133,148,142,113,140,131,124,154,143,142,119,134,104,133,131,134,127,128,136,128,112,122,138,116,128,130,122,104,128,127,127,126,139,128,115,124,125,100,120,124,118,128,125,129,123,136,128,121,139,130,130,108,125,125,119,136,111,133,120,115
,127,147,138,109,136,131,121,151,138,140,115,134,104,131,129,130,126,126,135,125,111,121,137,115,123,127,120,99,128,126,127,124,136,125,115,123,125,99,117,124,110,128,121,125,123,134,127,120,138,129,128,108,124,125,118,134,111,132,120,114
,124,145,132,107,128,128,117,149,137,137,105,131,100,131,128,130,125,125,132,122,108,119,136,114,122,125,118,94,127,126,126,122,135,123,113,122,121,99,113,121,103,125,119,123,123,132,126,120,135,127,127,107,122,124,118,131,110,130,120,113
,124,142,126,105,123,126,115,144,135,136,101,128,98,130,125,126,123,125,131,121,107,117,133,113,121,123,117,92,125,124,125,122,134,123,109,119,120,99,113,120,97,125,116,122,121,132,126,118,133,125,127,106,122,122,117,128,110,129,118,112
,122,140,121,103,118,117,114,144,131,134,97,128,97,129,124,123,123,125,130,117,107,117,132,112,121,121,116,91,124,122,122,122,133,120,106,118,117,97,111,119,93,125,116,120,121,129,122,118,132,123,127,103,121,121,114,127,108,128,115,110
,118,132,118,100,115,115,112,140,129,132,94,124,96,129,123,122,123,122,128,114,107,115,131,109,120,118,114,89,124,121,122,120,131,118,103,116,117,95,107,114,90,123,115,119,121,128,120,117,130,121,125,100,120,119,113,125,106,127,114,108
,117,128,117,96,112,111,111,135,127,131,92,124,93,127,123,121,122,119,126,109,105,114,129,108,119,118,114,87,122,121,121,119,130,116,96,116,115,92,106,111,89,123,115,119,120,125,119,116,125,120,120,99,118,119,113,123,105,124,114,107
,112,122,116,95,112,108,107,130,124,128,89,123,92,127,122,119,121,119,126,109,103,112,128,106,118,118,112,83,122,120,121,118,128,115,91,115,112,91,105,111,87,121,113,118,120,122,118,115,123,120,119,96,118,119,113,122,104,121,114,105
,110,120,115,92,108,106,106,126,122,124,84,122,91,125,120,118,118,117,125,102,103,109,127,106,117,117,111,79,120,119,120,117,124,112,88,114,110,90,105,108,86,118,112,117,118,119,116,113,122,118,115,89,116,118,113,121,104,119,112,104
,107,114,114,89,105,103,105,124,121,121,81,121,88,124,119,116,117,116,125,101,102,104,125,104,115,114,111,78,117,118,118,117,124,110,87,114,108,88,103,108,84,115,111,116,117,118,115,112,121,117,112,80,113,116,112,121,104,118,112,103
,104,110,110,88,103,103,102,121,121,119,79,119,88,124,117,114,116,114,124,98,100,102,123,102,115,111,111,76,116,118,117,117,121,108,83,113,106,88,99,107,83,114,110,114,115,118,110,111,117,117,112,75,110,112,111,120,104,115,112,103
,103,109,107,86,102,102,102,112,120,117,76,118,86,123,115,113,116,112,122,95,98,98,123,101,112,110,109,75,116,118,117,114,119,108,82,111,105,86,98,107,82,111,108,110,114,118,107,108,117,115,108,73,110,110,111,119,102,114,112,102
,103,105,105,86,100,100,101,105,117,117,73,116,82,122,114,113,115,111,119,94,96,97,121,101,110,110,102,74,114,115,115,112,118,106,81,111,104,86,96,107,82,111,108,108,113,115,106,106,114,114,107,65,108,108,106,115,101,108,107,100
,99,103,102,86,97,97,101,101,116,115,72,115,80,122,112,110,114,109,117,94,96,97,120,100,109,106,102,72,114,113,112,112,118,104,80,110,104,84,96,107,81,111,106,108,109,111,104,105,113,114,106,64,107,108,104,114,99,106,104,100
,98,102,100,84,91,94,99,93,114,112,71,114,79,121,111,107,111,108,117,91,95,96,119,99,108,106,102,72,114,113,112,111,117,101,78,107,103,83,95,106,81,110,106,107,108,109,104,103,113,113,104,61,107,108,101,110,98,105,98,99
,96,101,97,81,86,90,98,93,113,112,69,114,77,121,111,106,110,106,117,91,95,95,116,99,107,104,102,70,112,113,111,111,117,93,75,106,102,83,94,104,80,109,105,106,105,108,102,103,112,109,102,58,104,107,101,110,98,104,95,99
,96,101,95,81,82,88,97,88,111,103,68,114,77,119,111,104,109,100,117,91,92,95,115,99,106,103,101,70,111,112,110,110,117,88,73,104,100,82,91,103,80,99,103,105,103,106,102,102,110,102,101,57,104,105,100,110,96,102,89,99
,93,100,93,79,80,86,97,85,109,98,66,113,77,119,108,102,109,88,115,89,87,94,114,98,105,102,99,70,111,112,109,109,116,83,73,104,99,81,89,102,79,96,102,104,101,106,101,101,109,99,100,54,103,101,98,107,95,100,86,99
,92,100,93,77,78,84,95,83,109,91,64,113,77,117,106,101,107,81,114,85,84,92,113,97,102,102,97,70,109,111,108,107,115,78,72,102,99,81,87,100,79,89,102,103,99,106,101,100,107,94,99,52,102,100,98,104,92,100,83,97
,90,99,92,77,77,81,93,80,105,88,64,113,76,117,105,97,107,79,114,84,81,92,113,96,100,99,95,69,108,110,107,106,113,77,72,95,98,80,86,100,78,86,99,102,99,104,100,100,106,89,99,51,101,100,96,102,92,99,83,97
,88,96,90,75,76,81,91,78,103,85,64,110,76,116,105,96,107,78,108,81,76,92,109,96,99,99,95,69,107,107,107,105,112,72,71,90,97,78,85,99,76,81,97,102,97,103,99,96,105,87,99,50,101,99,95,102,91,96,82,94
,87,95,89,73,75,79,89,76,101,83,64,110,76,114,104,96,105,75,104,78,72,90,109,95,99,99,95,67,105,107,106,104,111,71,71,82,96,78,85,97,74,80,97,102,97,102,97,96,105,85,97,49,100,98,94,101,90,95,79,93
,85,95,85,71,73,78,87,73,98,79,62,109,76,111,102,94,105,72,97,76,71,90,108,95,99,99,94,67,105,105,105,103,111,69,71,77,96,78,84,97,73,77,97,101,97,102,94,96,105,81,96,48,100,98,94,99,88,94,77,92
,83,95,81,70,72,78,86,72,97,74,60,108,74,110,101,93,105,68,93,76,66,90,108,95,99,99,94,65,105,105,103,101,111,68,68,75,89,78,82,91,73,71,96,100,97,102,94,96,102,79,96,47,100,97,94,99,88,92,76,91
,80,93,80,70,71,75,83,71,95,73,59,108,71,108,98,91,103,65,92,74,63,89,107,95,98,98,92,64,103,104,101,101,109,66,67,72,87,77,82,87,70,71,96,100,97,102,94,96,102,78,96,46,100,96,94,99,87,89,76,91
,77,90,79,69,69,74,80,71,93,70,58,107,71,107,95,91,101,64,85,74,59,87,106,95,98,98,91,64,102,101,101,101,109,66,66,69,85,77,81,82,70,68,94,99,96,102,93,95,100,77,95,46,97,96,91,96,84,84,76,90
,74,88,76,67,66,73,78,68,92,67,57,106,70,107,93,90,100,64,83,73,58,87,106,92,97,97,90,63,102,101,100,101,106,62,65,69,84,76,80,79,70,67,92,95,95,101,92,95,92,77,95,45,95,95,90,96,83,81,76,90
,72,87,73,64,66,70,77,67,88,66,57,105,70,105,92,88,97,63,80,73,56,87,104,89,96,96,90,62,102,100,98,98,106,62,63,64,83,74,78,76,70,66,91,93,94,101,92,94,85,74,94,45,95,95,89,95,81,79,74,89
,70,82,70,63,65,65,76,66,86,64,57,105,69,104,91,88,95,62,78,73,54,87,104,89,96,95,90,61,102,97,98,98,106,62,62,60,83,74,77,76,68,65,89,92,93,100,92,94,75,73,94,44,95,95,89,93,81,70,72,89
,70,81,69,62,65,64,75,64,82,62,57,102,69,103,89,87,90,62,76,72,54,87,102,82,95,94,89,59,100,88,92,97,104,61,59,60,83,73,76,73,66,61,85,91,92,89,91,94,71,73,92,44,94,92,87,93,81,65,70,88
,68,79,64,62,65,64,75,64,81,60,57,101,67,96,88,86,85,60,75,72,54,81,94,75,93,94,88,58,96,82,90,96,103,60,58,60,82,73,75,72,64,60,82,89,92,86,91,94,67,72,91,44,94,91,86,93,81,62,68,87
,67,77,63,62,64,63,75,63,79,60,55,98,67,92,87,85,78,59,74,70,54,74,88,74,92,94,83,58,95,75,86,96,101,59,57,60,81,73,75,68,63,59,79,89,91,78,91,94,66,72,91,44,94,90,86,90,81,62,68,86
,67,76,62,60,63,62,74,63,79,59,55,96,66,82,85,84,73,58,74,70,51,65,82,71,91,94,73,57,93,71,79,95,101,56,57,59,80,72,73,67,63,58,74,88,90,72,89,92,65,71,88,42,94,90,79,82,81,61,68,85
,66,74,62,57,62,61,73,59,77,59,55,94,65,78,85,79,71,56,73,69,51,59,74,68,91,93,69,56,93,66,78,94,101,55,57,57,80,68,73,65,61,58,69,87,90,67,87,92,61,70,88,42,94,90,76,74,81,60,67,84
,65,73,61,57,60,60,73,59,76,58,55,93,64,77,85,76,69,54,72,68,50,54,72,67,91,93,66,56,93,64,72,92,99,54,57,57,80,65,73,63,60,57,65,87,90,66,85,92,61,69,88,42,94,88,71,69,70,60,65,83
,64,73,59,55,59,60,73,58,75,58,54,92,64,75,85,71,65,54,71,68,50,54,70,65,91,92,60,56,92,63,70,89,99,53,57,56,80,57,73,61,60,57,63,87,88,64,83,91,60,69,86,41,94,88,67,63,68,60,64,83
,62,71,59,54,56,59,71,54,74,57,54,89,63,73,84,63,64,54,71,65,50,54,70,63,88,92,57,56,92,60,66,89,97,53,57,55,80,50,71,61,58,56,62,87,85,64,83,88,60,69,86,40,92,88,64,61,60,59,62,83
,62,70,58,54,56,59,68,53,73,57,53,89,60,72,82,60,63,52,70,64,48,51,69,62,87,92,56,55,92,59,64,87,97,53,56,53,80,47,71,61,57,56,59,87,85,63,83,86,60,69,85,40,92,87,58,60,54,58,61,83
,60,68,57,54,54,57,67,52,73,56,51,89,60,69,81,57,59,51,70,64,47,50,67,62,87,91,55,55,90,58,63,87,97,52,55,53,79,46,71,61,57,56,56,87,84,62,82,83,60,66,84,40,91,85,55,58,52,58,60,82
,60,65,55,53,53,56,66,51,70,56,51,87,60,66,79,53,58,51,69,64,47,50,66,59,87,91,53,55,88,57,63,85,94,51,55,53,77,44,69,61,57,56,54,87,84,62,80,75,58,65,82,40,90,84,53,57,51,57,59,82
,60,63,54,53,53,56,66,51,69,56,51,85,59,66,79,49,57,50,69,62,47,49,66,59,86,91,51,55,87,57,62,85,94,50,54,50,77,42,69,61,56,55,54,86,83,62,80,70,57,63,82,40,88,84,50,57,50,55,59,82
,58,61,52,52,53,55,65,49,68,53,50,83,58,64,79,48,57,49,68,62,45,48,65,59,83,91,50,55,86,55,61,85,94,50,54,50,77,42,68,60,56,55,54,86,80,61,78,68,55,62,82,40,88,84,48,56,46,55,59,82
,56,61,50,51,52,55,62,48,67,53,49,82,57,63,78,44,56,49,68,62,45,48,65,59,82,91,50,55,81,54,60,83,93,50,52,50,77,38,67,58,53,55,54,85,80,60,76,67,55,59,79,39,88,84,48,56,44,53,57,82
,56,61,47,50,50,55,62,47,67,51,49,79,57,62,77,42,56,48,67,62,44,48,65,59,77,90,50,55,81,54,60,82,92,48,51,50,76,38,67,57,52,54,54,83,79,58,75,66,53,58,75,39,86,84,48,56,44,53,57,82
,56,59,46,50,50,54,58,44,64,51,49,77,56,61,72,42,54,47,66,59,44,46,63,58,74,88,50,54,79,53,60,82,91,48,50,50,76,37,67,56,51,53,52,82,79,56,73,62,53,57,73,38,85,83,48,55,43,51,57,81
,55,57,45,49,49,49,55,44,64,50,48,69,56,61,64,42,54,45,66,58,43,46,62,58,67,87,50,54,77,50,58,81,86,48,50,49,75,35,67,56,51,53,52,81,79,55,72,60,53,57,71,38,84,81,48,55,42,49,56,81
,55,56,45,49,49,48,55,43,63,50,48,64,55,60,56,42,53,45,65,57,43,46,61,57,59,87,50,54,71,50,56,79,86,48,50,48,75,35,66,56,51,53,51,79,78,55,70,60,53,55,68,38,83,81,48,55,42,49,55,79
,55,55,44,48,48,48,55,43,63,50,46,62,54,58,51,42,53,44,64,55,42,46,60,56,58,85,49,54,69,49,54,71,85,48,47,47,75,34,63,56,51,53,51,77,73,55,67,59,52,54,68,38,79,80,48,53,42,49,55,79
,55,55,44,47,47,47,53,40,63,47,45,55,54,58,49,42,53,44,62,55,42,44,59,56,54,85,47,54,63,49,54,66,82,48,47,47,75,34,62,56,50,53,51,77,69,54,64,57,52,54,62,37,78,80,47,52,41,49,55,78
,54,55,44,46,47,45,53,39,62,46,45,51,54,57,46,42,53,44,62,55,42,43,59,55,49,85,47,53,59,49,54,59,82,48,47,46,75,34,62,56,50,49,51,77,62,53,62,57,52,54,59,37,76,80,47,52,40,49,55,78
,53,55,44,46,46,43,52,39,61,46,45,44,53,57,46,42,51,44,61,55,42,41,59,53,48,83,46,53,57,49,53,53,81,44,47,46,75,34,59,55,48,48,50,75,58,53,60,55,51,50,54,37,73,80,47,52,40,48,53,78
,53,54,41,46,46,42,52,39,61,46,45,41,53,57,45,42,51,42,61,54,42,40,59,53,46,81,45,49,56,47,52,50,81,43,47,46,74,34,56,55,48,47,50,74,57,53,56,53,50,50,52,37,68,80,45,51,40,46,53,76
,50,54,41,44,46,40,51,37,60,46,44,40,51,57,44,42,51,42,59,54,41,40,59,52,45,80,44,47,56,46,52,48,81,43,47,46,73,32,53,53,48,47,50,74,52,53,55,53,50,50,51,36,59,76,44,49,40,46,53,75
,50,54,40,44,46,40,45,37,59,44,44,40,51,57,44,42,51,41,58,53,41,40,57,52,45,74,42,47,54,45,52,44,80,43,46,46,72,32,43,52,48,45,50,71,48,52,54,53,50,49,49,33,56,70,44,48,40,46,53,75
,50,54,40,43,46,39,44,36,58,43,44,40,51,56,44,42,51,41,57,52,38,40,57,51,45,65,41,46,53,45,51,44,80,42,46,46,71,31,39,52,48,44,50,70,47,52,54,52,50,49,48,32,55,67,43,48,39,45,53,72
,50,54,40,42,44,39,44,35,57,43,44,40,51,55,44,42,51,40,55,51,38,40,57,50,44,61,40,46,51,43,49,44,79,42,45,45,69,31,35,52,47,43,49,69,45,50,54,51,50,48,46,32,53,54,43,47,38,45,52,70
,50,51,40,42,42,38,44,35,56,43,43,39,51,55,44,42,50,39,55,50,37,40,56,50,43,59,40,46,51,43,48,43,78,41,45,44,66,30,33,50,47,43,49,67,43,48,53,51,50,48,45,32,48,52,43,47,37,45,51,69
,49,50,39,42,41,38,44,34,53,43,42,37,49,55,44,42,50,39,55,49,37,40,56,49,43,54,40,46,51,43,47,43,72,40,44,43,65,29,29,50,47,43,48,63,43,48,51,49,49,45,44,32,46,49,43,45,37,45,50,66
,49,49,39,42,41,37,44,34,53,43,42,36,48,54,43,41,50,37,55,49,37,40,54,48,43,52,40,45,51,43,47,42,63,40,44,43,59,29,27,50,46,43,47,59,42,48,51,49,48,45,44,31,44,47,43,45,37,44,50,64
,48,49,39,42,41,37,42,32,52,42,41,34,48,53,42,40,49,37,53,49,37,40,52,48,43,47,40,45,51,43,45,42,56,40,44,42,58,29,27,49,45,43,44,54,42,47,51,48,48,45,43,31,43,47,42,44,37,44,50,61
,48,48,39,42,41,36,42,32,52,40,40,34,48,52,42,40,49,36,52,49,37,40,51,48,43,43,40,45,51,43,45,42,53,39,44,41,50,28,27,47,43,40,44,50,42,43,51,47,48,45,42,31,42,44,41,43,36,43,50,58
,48,48,39,42,41,35,41,32,51,39,40,34,48,52,41,40,48,34,52,48,37,40,49,48,43,42,40,45,51,43,45,41,49,39,44,40,48,28,26,47,43,39,43,48,42,42,50,46,46,45,41,31,42,44,41,43,36,41,49,51
,48,47,39,42,41,35,39,29,51,37,40,34,47,52,41,40,48,33,52,48,36,39,48,48,43,42,40,45,51,42,45,41,47,39,44,39,44,28,25,46,43,38,41,48,42,41,50,45,46,45,40,31,42,44,40,43,36,41,48,48
,48,43,39,41,41,34,39,29,51,37,38,34,47,51,40,38,48,33,52,48,36,38,45,48,42,41,40,44,50,41,45,41,45,39,44,39,41,25,24,46,42,38,40,47,42,41,50,45,44,45,39,30,42,43,40,43,36,41,47,44
,47,42,39,41,40,33,39,29,51,37,35,34,47,49,40,38,47,33,52,48,36,37,45,46,42,39,39,43,50,40,45,40,43,38,43,38,40,23,24,44,42,38,40,46,42,39,48,45,44,45,38,30,42,42,39,42,35,41,46,43
,47,42,39,41,38,33,39,29,50,37,35,34,46,48,40,38,47,33,52,47,35,36,45,45,41,38,37,43,50,40,45,38,43,38,43,38,38,23,23,43,41,36,38,46,42,38,47,45,44,44,38,30,42,42,39,40,35,40,45,43
,46,42,37,41,37,33,39,29,50,37,34,33,44,46,40,38,47,32,52,47,33,35,45,45,41,37,37,43,50,39,45,38,41,38,42,37,37,23,23,42,41,35,38,44,42,37,45,44,44,43,38,30,42,42,39,38,33,40,45,43
,45,41,36,40,36,33,39,28,50,36,34,33,44,45,40,38,47,32,50,45,33,35,45,45,39,37,36,42,49,36,45,38,41,38,41,37,36,23,22,42,40,34,38,44,42,37,44,43,43,43,38,30,42,42,39,38,31,40,45,42
,44,41,36,38,36,33,38,28,50,36,34,33,44,45,40,38,46,30,49,44,33,35,45,44,39,37,34,42,49,35,45,37,40,37,41,34,35,23,21,42,40,33,38,44,42,37,43,43,43,42,38,30,42,41,39,37,30,39,45,42
,44,41,36,38,36,33,36,28,48,35,33,32,44,45,39,38,46,29,49,43,33,33,44,43,39,37,34,42,48,34,45,37,39,36,40,32,35,23,21,42,40,32,37,42,42,36,41,43,43,41,38,29,40,41,39,37,29,38,45,42
,43,40,36,37,36,32,35,27,47,35,33,31,44,44,37,38,46,29,49,41,30,33,44,42,37,37,33,42,48,33,44,37,38,35,39,32,35,23,21,42,40,32,37,39,42,36,41,43,43,41,37,29,38,41,39,37,29,35,45,42
,42,39,36,37,36,31,35,27,46,35,33,30,43,44,37,38,45,29,49,39,29,33,44,41,37,35,33,40,48,32,43,37,38,35,39,32,35,23,21,41,40,32,37,38,41,36,40,42,43,41,37,29,37,41,39,37,29,34,45,42
,41,39,36,37,36,31,34,25,45,34,32,30,42,42,37,36,45,28,49,39,29,33,41,40,34,35,33,39,48,32,42,36,37,34,37,32,35,23,21,41,39,30,36,38,41,36,37,40,43,41,37,28,37,39,39,35,29,33,45,40
,40,39,34,37,36,31,34,24,45,34,32,30,41,41,37,36,44,27,48,39,29,33,41,37,34,34,33,39,48,31,42,36,36,33,36,32,35,23,21,40,39,30,35,37,41,36,37,40,41,38,37,27,37,38,38,34,29,33,45,40
,39,38,34,37,35,30,33,24,44,34,31,29,41,39,37,36,43,26,48,38,29,32,40,35,34,33,32,39,47,30,42,36,35,33,35,32,34,23,21,39,39,30,34,36,40,36,36,39,41,38,37,26,37,38,38,34,29,33,45,36
,38,38,34,37,35,30,31,24,43,34,31,29,41,39,37,35,41,26,48,37,28,32,39,35,34,33,32,39,46,30,41,34,35,33,35,32,33,23,21,38,38,29,33,35,40,36,36,39,40,37,37,26,36,38,38,34,28,33,45,36
,37,37,34,37,35,29,31,24,43,34,31,29,41,39,37,34,37,26,47,37,28,32,38,35,34,32,31,38,46,29,40,34,34,33,35,32,33,23,20,38,38,29,33,35,39,35,36,38,40,37,37,26,36,37,37,34,28,32,45,36
,37,37,34,37,35,27,30,23,42,34,30,28,40,38,37,34,37,25,46,37,27,32,37,33,33,31,31,38,46,28,40,31,33,32,34,31,33,23,20,38,37,29,33,33,38,35,36,38,40,37,36,24,36,37,37,34,27,32,45,35
,37,37,33,37,34,27,29,23,41,34,30,28,38,38,36,34,37,25,45,37,27,31,37,33,32,31,31,37,45,27,40,31,33,30,34,30,33,23,20,38,37,29,33,31,36,35,35,38,38,35,35,22,35,37,37,34,27,32,45,35
,36,37,33,36,34,27,29,23,41,33,30,28,38,38,35,34,36,25,45,37,27,30,37,33,30,30,30,36,45,27,39,30,33,30,33,30,33,22,20,38,37,28,32,30,34,35,34,37,37,35,34,21,35,36,36,34,26,31,44,34
,32,37,33,36,33,26,28,23,40,30,29,28,38,38,33,32,36,24,43,36,27,30,36,33,30,30,27,36,45,26,39,30,31,30,33,29,33,20,20,38,37,27,32,30,34,35,33,37,37,35,34,21,35,35,36,34,26,31,44,33
,31,37,32,36,33,25,28,23,40,30,28,28,35,38,33,32,35,23,40,34,27,29,36,32,30,30,27,36,45,25,39,29,31,28,33,28,33,20,20,37,37,27,31,30,34,34,33,36,37,33,34,21,35,35,36,34,26,31,44,31
,29,37,32,36,33,25,28,21,40,28,27,28,35,35,33,32,35,23,40,32,26,29,33,31,29,30,27,35,45,24,37,29,31,28,33,27,33,20,20,37,37,27,31,30,33,33,33,35,37,33,34,21,34,33,36,34,26,28,43,30
,28,36,32,36,33,24,28,21,40,28,27,26,33,34,33,32,35,23,39,32,26,28,33,31,29,30,27,34,45,24,37,29,30,28,33,27,33,20,19,37,36,27,31,28,33,32,32,34,37,32,33,21,34,31,35,34,26,28,42,30
,27,35,32,36,33,23,28,21,39,28,26,24,33,34,32,32,34,22,36,32,26,28,32,31,29,29,27,31,45,24,37,28,30,28,33,27,33,19,18,36,36,26,30,28,33,32,32,33,37,32,33,21,33,31,35,33,26,28,38,30
,27,35,32,36,33,23,27,21,38,28,25,23,33,34,32,31,34,22,36,32,26,28,32,31,27,28,26,31,45,24,37,26,30,28,33,27,32,18,18,35,35,26,29,28,33,31,32,33,37,31,33,21,33,30,35,32,26,28,37,30
,26,34,32,34,33,23,27,21,36,27,25,23,31,33,32,31,34,21,36,31,24,28,31,31,27,28,26,31,43,23,36,25,28,27,31,27,32,18,18,33,35,26,29,27,33,31,32,32,37,31,32,20,33,28,35,31,25,28,37,30
,26,32,32,34,33,23,27,21,33,27,25,23,31,32,32,30,32,21,36,30,24,28,31,30,27,27,26,31,43,23,35,25,28,26,31,26,32,17,18,33,35,26,28,27,33,30,30,32,37,30,32,20,33,27,34,30,25,27,36,29
,25,32,32,34,32,23,27,21,33,25,25,23,31,32,31,29,32,21,36,30,24,28,31,30,27,26,24,31,43,22,35,25,28,25,31,25,32,16,18,33,35,26,27,26,33,30,30,31,36,30,32,20,33,27,32,30,25,26,36,28
,24,32,32,34,32,21,26,21,33,24,24,22,31,32,30,29,31,21,35,30,24,27,29,29,27,26,24,30,43,22,35,25,27,25,31,25,32,16,17,33,34,26,26,26,33,29,30,30,35,30,32,19,31,27,32,29,25,26,36,28
,23,32,30,33,32,21,26,21,33,23,24,22,30,31,30,29,31,20,35,30,22,26,29,29,27,26,23,29,43,18,34,25,26,25,31,23,32,16,16,32,34,26,25,26,33,29,28,30,33,30,31,19,31,26,32,29,25,25,35,28
,22,30,28,32,32,21,26,21,33,21,24,21,30,31,30,28,31,18,35,30,22,25,29,29,27,26,22,29,42,18,34,24,26,25,30,21,32,16,15,31,34,25,25,25,32,28,28,29,33,30,31,19,30,26,32,29,25,24,35,28
,22,30,28,31,32,20,26,21,33,21,24,21,30,31,30,28,30,18,35,29,22,25,29,28,27,25,21,28,42,18,34,23,26,25,30,21,30,16,15,30,34,25,25,23,30,27,27,29,33,30,31,19,30,24,31,29,25,24,35,27
,22,30,28,31,32,20,26,21,33,21,24,21,29,30,30,28,28,16,34,29,22,25,29,28,27,25,21,27,41,18,33,23,26,25,30,21,30,16,15,30,33,25,25,23,29,27,27,28,33,29,29,19,29,24,30,29,25,23,34,27
,22,29,28,30,31,20,26,21,31,21,23,21,27,30,29,28,27,16,34,29,22,24,29,28,25,23,21,27,41,18,32,23,26,25,30,21,29,16,15,30,33,25,25,21,27,27,27,28,33,28,28,19,29,24,30,29,25,23,34,27
,20,28,27,29,30,20,25,21,31,21,23,20,27,29,29,28,25,15,33,29,22,24,29,28,24,23,21,26,40,18,31,23,26,25,30,21,29,15,15,30,33,24,25,20,26,26,27,27,32,28,25,19,28,24,30,29,25,22,33,27
,20,26,26,29,30,20,24,20,31,21,23,19,27,28,29,28,24,15,32,29,22,23,29,27,24,23,21,26,39,18,31,23,24,25,30,21,29,15,15,30,33,24,25,20,26,25,27,27,32,26,24,19,28,24,30,27,25,22,33,27
,20,26,26,28,30,20,24,19,31,20,23,19,27,27,29,28,23,15,32,29,22,23,29,27,24,23,21,26,38,17,31,22,23,24,30,21,28,15,15,30,32,24,25,20,25,25,27,27,32,25,24,19,28,22,30,26,25,22,33,27
,20,25,26,27,30,20,24,19,31,20,23,18,27,27,28,28,23,15,32,28,22,23,29,26,24,22,20,25,36,17,30,22,23,22,29,21,27,15,15,29,32,24,25,20,23,24,27,26,32,25,24,19,27,21,29,26,25,22,33,27
,20,25,25,27,30,20,24,19,31,20,23,18,27,26,25,28,23,15,30,28,22,22,29,25,24,22,19,24,36,15,30,21,23,21,28,21,27,15,15,29,31,24,25,19,23,24,27,26,31,25,24,19,27,21,28,25,25,22,33,26
,20,25,25,27,29,20,24,19,30,20,23,18,27,26,25,28,23,15,29,28,21,21,29,25,24,21,19,24,36,15,30,21,22,21,28,20,26,15,15,27,30,24,25,18,21,24,27,26,30,24,24,19,25,21,28,25,25,22,32,26
,19,25,25,27,29,20,24,19,29,20,23,18,27,25,25,28,23,15,29,27,21,21,28,25,24,20,19,24,36,14,28,21,22,21,28,20,26,15,15,27,29,24,25,18,21,23,27,26,30,23,23,19,24,20,28,25,25,22,31,26
,19,25,25,26,28,20,23,19,29,20,23,18,27,23,25,28,23,15,29,26,21,21,27,24,24,20,19,24,36,14,28,20,22,21,28,20,26,15,15,27,26,24,25,18,21,23,27,26,29,22,22,19,23,20,27,24,24,21,30,25
,19,25,25,25,28,20,23,19,28,20,23,18,27,21,25,27,23,15,28,26,20,21,27,24,24,20,19,24,36,13,28,20,20,21,28,19,26,15,15,27,25,23,24,18,20,23,27,26,29,22,20,19,23,19,26,24,22,21,30,25
,18,25,25,25,26,18,23,19,28,19,21,18,27,21,25,26,22,15,27,25,20,20,26,24,24,20,18,24,35,13,28,20,18,21,28,19,26,15,15,27,25,22,24,18,20,23,25,24,29,22,19,19,23,19,26,22,20,21,30,24
,18,25,25,24,26,17,23,19,28,19,21,18,27,20,25,25,22,15,27,25,20,20,25,24,23,20,18,24,34,13,27,20,17,21,27,19,26,15,14,27,24,21,24,18,20,22,24,23,29,22,19,18,23,19,26,22,20,21,30,24
,18,24,25,24,26,16,23,18,28,19,20,18,27,19,24,23,22,15,27,24,20,20,24,24,23,20,18,24,33,13,26,20,16,21,27,19,26,15,14,27,24,21,24,17,19,22,23,23,29,22,19,18,23,19,25,22,20,21,30,24
,18,23,25,23,26,16,23,18,28,18,20,18,27,18,24,23,22,15,25,23,20,20,24,24,22,20,18,24,33,13,25,20,16,20,27,19,25,14,14,27,24,20,24,17,19,22,21,22,29,22,18,17,22,19,24,22,19,21,30,23
,18,22,25,23,26,16,23,18,28,18,18,17,27,18,23,23,22,14,25,23,20,20,24,23,22,19,18,24,33,13,25,20,16,19,27,18,25,14,14,27,23,20,24,17,19,22,20,22,28,22,18,17,21,18,22,22,19,20,29,22
,18,22,25,23,25,15,23,17,28,18,18,16,25,17,23,23,21,14,25,22,20,20,23,23,21,19,17,24,32,13,25,19,16,19,27,18,24,14,14,27,22,20,24,16,18,22,20,22,26,21,18,16,20,18,22,20,19,19,29,22
,17,21,25,23,25,15,23,17,27,18,17,16,25,17,23,23,21,14,25,21,19,20,22,23,20,19,16,24,29,13,25,19,16,19,27,18,24,14,14,27,22,20,24,16,17,22,20,22,26,21,18,16,20,18,22,20,19,19,28,22
,17,20,25,23,24,15,23,17,27,18,17,16,23,17,23,22,21,14,24,21,18,19,20,23,20,19,16,24,28,13,25,19,15,19,27,18,23,14,14,26,22,19,23,16,17,22,20,22,25,21,16,16,20,18,22,20,19,19,27,22
,17,20,24,23,24,13,23,17,27,18,17,15,23,16,23,22,20,12,24,21,18,19,20,23,20,18,16,23,28,13,25,18,15,19,27,18,23,14,14,26,22,19,23,16,17,22,20,22,25,21,16,16,20,18,22,20,17,19,27,22
,16,19,23,23,23,13,22,17,25,18,16,15,23,15,23,22,20,12,23,21,17,19,19,23,20,18,16,23,28,13,24,18,15,19,27,17,23,14,14,26,22,17,23,16,17,22,20,22,24,21,16,16,19,18,22,20,17,19,27,22
,15,18,23,21,22,13,22,17,25,18,16,15,23,15,22,22,20,12,23,21,17,18,19,23,20,18,16,23,27,13,23,18,15,19,25,17,23,13,14,26,22,17,22,16,16,22,19,22,24,21,16,16,19,17,22,20,15,19,27,22
,15,18,22,20,21,13,21,16,25,18,16,14,23,15,22,22,20,12,23,21,17,18,19,22,19,17,16,22,26,13,23,17,15,19,24,17,22,13,13,26,22,17,21,16,16,22,17,22,24,21,15,16,19,16,22,19,15,19,27,21
,15,18,22,19,21,13,21,16,24,18,16,14,22,15,22,22,20,12,23,21,17,18,19,21,19,17,16,22,26,13,23,17,15,19,24,17,22,13,13,26,21,16,21,16,16,21,17,22,24,21,15,16,18,16,21,19,14,19,26,21
,14,18,22,19,21,13,20,16,24,17,16,14,22,15,21,22,20,11,23,21,16,18,19,21,19,17,16,22,25,13,23,17,15,19,24,16,22,13,13,26,21,16,20,16,15,20,17,22,24,19,14,16,17,16,21,19,14,19,26,21
,14,18,22,18,21,12,20,16,24,16,16,13,22,14,21,22,20,11,23,21,16,18,19,19,19,17,16,22,25,13,23,17,15,19,23,16,22,13,13,26,20,16,20,14,14,20,17,22,23,19,14,15,17,16,21,19,12,19,25,21
,13,18,22,18,21,12,20,16,23,16,16,13,22,14,21,21,19,11,22,21,16,18,19,18,19,17,16,22,25,13,22,17,14,19,23,15,22,13,13,25,19,16,19,14,14,19,17,22,23,19,14,14,17,16,21,19,12,18,25,21
,12,18,21,17,20,12,20,16,22,16,16,12,22,13,21,20,19,11,21,21,16,18,19,18,19,17,15,22,24,13,22,17,14,19,23,15,21,13,13,24,19,15,19,14,13,19,17,21,23,19,14,14,16,16,21,19,12,18,25,21
,11,18,21,16,20,12,20,16,22,16,16,11,22,12,20,20,19,11,20,21,16,18,19,18,19,17,15,22,23,13,22,17,14,19,22,15,20,13,12,24,19,14,19,14,13,19,17,21,23,19,13,14,16,16,21,18,12,17,24,21
,11,18,21,16,20,12,20,16,21,16,16,11,22,12,20,20,18,11,20,21,16,17,19,18,19,17,15,22,23,13,22,16,14,19,22,15,20,13,12,24,19,14,18,14,13,19,17,21,23,19,13,14,15,15,21,18,11,16,23,21
,11,18,21,16,20,12,20,16,21,15,16,11,21,12,20,20,18,11,20,21,15,17,18,18,17,16,13,22,23,12,22,16,14,19,22,15,19,12,12,24,19,14,18,14,13,19,17,21,23,19,13,13,14,15,21,18,11,16,23,21
,10,18,19,16,20,11,20,16,21,14,16,11,21,12,20,20,17,11,20,20,15,17,18,18,16,15,13,22,23,12,22,16,14,18,22,15,19,10,11,22,19,14,18,14,13,19,17,20,23,19,13,13,14,15,21,18,11,16,23,21
,10,18,19,16,20,11,19,16,21,14,14,11,21,12,20,20,16,11,20,20,15,16,18,18,15,15,13,22,22,12,22,16,14,18,20,14,18,10,11,21,18,14,18,14,13,19,17,20,22,18,13,13,14,15,21,17,11,16,23,21
,10,18,18,16,20,11,19,15,20,14,14,11,21,12,20,20,16,11,20,20,15,16,18,18,15,14,13,22,22,11,22,15,14,18,19,14,18,10,11,21,18,14,18,14,13,19,17,19,20,18,13,13,14,14,21,17,11,16,23,20
,10,18,18,16,20,10,19,15,20,14,12,11,19,11,20,20,15,9,20,20,15,16,16,18,15,14,13,22,21,11,22,15,14,18,19,14,18,9,11,21,18,14,18,14,13,19,17,19,20,18,13,13,14,14,21,17,11,16,22,20
,10,18,18,16,20,8,19,15,20,13,12,11,19,11,20,19,15,9,20,19,15,16,16,18,15,14,13,22,21,11,22,15,14,18,19,14,17,6,11,21,17,14,18,14,13,19,17,19,19,18,13,13,14,14,21,17,11,16,22,20
,10,17,17,16,20,7,18,15,20,13,11,11,19,11,19,19,15,9,20,18,15,16,16,18,15,14,13,22,21,11,21,14,14,18,19,13,17,4,11,21,17,14,18,14,13,19,17,19,19,18,13,13,14,14,21,17,11,16,22,20
,10,17,17,16,19,6,17,15,20,13,7,11,19,11,19,19,15,9,20,18,14,16,16,18,15,14,13,22,21,11,21,14,14,18,19,13,17,4,11,19,17,14,18,13,13,19,17,18,19,18,13,13,14,14,21,17,11,15,22,20
,10,17,17,16,19,6,17,15,20,13,6,11,19,11,19,19,15,8,18,18,14,15,16,18,15,14,13,22,21,11,20,14,14,18,19,13,17,3,11,19,17,14,17,13,13,19,17,18,19,18,13,13,13,14,20,16,11,15,22,20
,10,16,16,15,19,5,17,14,20,12,5,9,19,11,19,18,15,8,18,18,13,15,15,18,15,14,13,22,21,11,20,13,14,18,19,13,17,2,11,19,17,14,16,13,13,19,17,18,19,18,13,13,13,14,19,16,11,15,22,20
,10,16,16,15,19,5,17,14,20,12,5,9,19,11,19,18,15,8,18,17,13,15,15,18,15,14,13,20,20,11,20,13,14,18,19,12,17,2,11,19,17,14,16,13,13,19,17,17,19,18,12,13,12,13,19,16,10,15,22,20
,10,16,16,13,19,5,17,14,20,12,4,9,19,11,19,18,15,7,18,17,12,15,14,18,15,14,12,20,20,11,20,13,14,18,19,11,17,2,11,19,17,14,15,13,13,18,17,17,18,18,12,12,12,13,19,16,10,15,22,19
,10,16,16,13,19,5,17,14,20,12,4,9,19,11,17,18,15,7,18,17,12,15,14,18,15,14,12,18,20,11,19,13,14,17,19,11,17,1,11,19,17,14,15,13,13,18,15,17,18,18,12,12,11,10,19,16,10,15,22,19
,10,16,15,12,19,5,17,14,19,12,4,9,19,11,17,18,15,7,18,17,12,15,14,18,14,13,10,18,20,11,19,12,14,16,19,11,17,,11,18,17,14,15,13,13,18,15,17,18,17,12,12,11,10,19,16,10,12,22,18
,10,16,15,12,19,4,17,14,19,12,4,9,19,11,17,18,15,7,18,17,12,15,13,18,12,13,9,16,20,11,19,12,14,16,18,11,17,,9,17,17,13,15,13,13,18,15,15,18,16,12,12,11,10,19,16,10,12,22,17
,10,16,15,12,18,4,17,14,19,12,3,9,19,10,17,18,15,7,18,16,10,15,13,18,10,13,9,16,19,11,19,12,13,16,17,11,16,,8,17,17,13,15,13,12,17,15,14,18,16,12,12,11,9,19,16,10,12,22,12
,10,16,15,12,18,4,17,14,19,12,3,8,19,10,17,18,15,6,18,16,9,14,13,18,9,12,9,16,18,11,18,12,13,16,16,11,16,,8,17,17,13,15,13,12,17,15,14,18,16,12,12,9,9,19,16,10,12,22,11
,10,16,15,11,18,4,17,14,19,12,2,8,19,9,17,18,15,4,18,16,7,14,13,18,6,10,7,16,18,11,18,12,13,15,16,11,16,,7,17,17,12,15,13,12,17,14,14,18,16,12,12,9,9,18,15,10,11,22,10
,10,16,15,11,18,4,17,14,18,12,2,8,17,9,17,17,15,4,18,16,7,14,13,18,3,9,6,15,18,11,18,12,13,14,16,11,16,,3,17,17,12,15,13,12,17,14,13,18,15,12,12,9,9,18,15,10,11,21,10
,9,16,14,10,18,4,16,14,16,12,2,8,12,9,17,17,15,4,18,16,7,14,13,17,1,9,6,15,18,10,17,12,13,12,15,11,16,,3,17,17,11,15,13,12,17,14,11,18,14,12,12,8,8,18,15,10,10,21,10
,8,14,14,10,18,4,16,14,15,12,2,7,7,8,17,17,14,3,17,16,7,14,13,17,1,7,6,15,18,10,14,11,13,11,15,11,16,,3,17,17,11,15,12,12,17,14,11,18,14,12,12,8,5,18,15,10,10,21,10
,8,13,14,10,18,4,16,13,13,12,2,7,7,8,13,17,13,2,17,16,7,14,13,16,1,7,6,15,18,10,13,11,12,8,15,10,16,,,17,16,11,15,11,12,16,14,11,18,14,12,12,7,5,18,15,10,10,21,10
,8,11,14,10,18,4,16,13,10,12,2,7,7,7,12,16,13,2,17,16,7,14,13,16,1,7,6,15,17,10,13,11,11,8,15,9,16,,,16,16,11,15,11,12,16,14,10,18,14,12,12,7,4,18,15,10,10,21,9
,8,11,14,10,18,4,16,13,9,12,2,7,6,3,12,16,13,1,17,16,7,14,13,13,1,6,5,15,17,10,13,11,10,8,14,9,16,,,15,16,11,15,11,12,16,14,9,18,14,12,12,6,3,18,15,10,8,21,9
,8,11,12,8,17,4,16,13,9,12,2,7,5,1,11,16,13,1,17,16,7,14,13,13,,6,5,15,15,10,13,11,10,8,13,9,16,,,13,16,11,15,11,12,16,12,6,18,13,12,12,6,1,18,15,6,7,20,8
,8,10,12,6,17,4,16,13,9,11,2,7,4,1,11,15,13,1,17,16,6,14,13,13,,5,5,15,15,10,11,11,10,8,12,9,16,,,13,16,11,15,11,12,16,12,5,18,13,12,11,5,1,18,15,5,7,20,8
,8,7,12,6,17,4,16,12,9,11,2,7,4,1,10,15,12,1,17,16,5,14,13,12,,5,5,15,14,10,7,10,8,8,12,8,15,,,13,16,11,15,10,11,16,10,5,18,13,12,9,5,1,18,15,3,6,20,8
,8,4,12,6,17,4,16,12,9,10,2,7,4,1,9,15,12,1,17,15,4,14,9,11,,5,5,15,14,10,5,10,8,7,11,3,14,,,12,15,11,15,10,11,16,8,5,17,13,12,7,4,,15,15,3,4,20,7
,8,4,9,4,17,4,16,11,9,10,2,7,3,1,3,15,12,1,17,15,2,12,9,11,,5,5,14,14,10,5,10,8,5,9,3,13,,,12,15,11,15,10,9,16,8,4,16,13,12,7,3,,15,15,1,4,19,6
,8,2,8,3,17,4,15,11,8,8,2,5,2,1,3,15,12,1,17,14,2,10,9,11,,4,4,14,12,10,3,10,8,3,9,2,11,,,11,15,11,15,10,8,14,7,3,16,13,12,5,3,,15,14,,4,19,6
,8,2,5,1,16,4,15,11,4,8,1,5,1,1,1,15,12,1,17,14,1,9,8,11,,4,4,14,12,10,2,10,8,3,9,2,10,,,9,14,11,15,10,7,14,7,3,16,13,12,3,3,,13,13,,4,18,6
,8,2,4,1,16,4,11,11,3,8,1,5,1,,,15,12,1,17,14,1,7,8,10,,4,4,12,12,8,2,6,6,1,9,1,6,,,7,13,11,14,10,6,14,6,3,16,12,12,,3,,11,13,,4,18,5
,8,1,4,1,16,3,9,11,3,8,1,5,1,,,15,12,1,17,14,1,5,4,9,,1,4,11,11,6,1,6,4,,9,1,4,,,5,13,10,14,8,5,14,6,1,16,12,12,,3,,11,13,,3,18,5
,8,1,4,1,15,3,7,11,,8,1,4,,,,15,12,1,17,14,1,4,2,8,,1,4,10,9,6,,6,4,,8,,4,,,5,13,9,14,8,3,12,5,1,16,11,11,,3,,8,13,,3,18,5
,8,1,3,1,15,3,6,11,,8,1,3,,,,15,12,1,16,14,1,2,1,8,,,4,9,7,6,,4,1,,7,,3,,,5,13,9,14,8,3,10,2,,16,8,11,,3,,7,13,,2,18,5
,8,,3,,15,3,3,10,,8,1,3,,,,15,12,1,16,14,1,2,,6,,,4,9,2,4,,4,,,4,,3,,,4,13,9,14,8,2,9,2,,16,6,9,,3,,6,10,,2,17,4
,6,,2,,15,3,3,10,,8,1,1,,,,15,12,1,16,14,1,2,,5,,,4,6,2,4,,4,,,4,,3,,,4,13,9,10,8,1,7,2,,16,1,9,,3,,5,10,,2,17,4
,4,,2,,14,3,1,9,,7,1,,,,,15,11,1,13,14,,1,,3,,,3,3,1,3,,2,,,3,,3,,,4,10,4,8,7,1,6,2,,16,1,9,,3,,5,10,,1,17,4
,2,,2,,14,3,1,9,,6,1,,,,,15,9,1,13,14,,1,,3,,,3,1,1,3,,2,,,1,,3,,,4,5,4,8,7,1,3,1,,16,,8,,3,,3,10,,1,17,3
,1,,1,,12,3,1,6,,5,1,,,,,15,9,1,13,13,,1,,2,,,3,,1,2,,1,,,,,2,,,3,4,3,8,6,1,2,1,,15,,8,,2,,2,8,,1,16,3
,1,,,,10,2,1,6,,5,1,,,,,15,9,1,10,13,,1,,2,,,3,,1,1,,,,,,,2,,,3,4,,7,5,1,2,1,,13,,8,,2,,1,7,,1,16,3
,1,,,,8,2,1,6,,4,,,,,,15,9,1,10,13,,1,,2,,,3,,1,1,,,,,,,1,,,2,4,,6,4,1,2,1,,12,,8,,2,,1,7,,1,14,3
,1,,,,4,2,,3,,2,,,,,,15,8,1,10,13,,1,,2,,,3,,1,1,,,,,,,1,,,2,4,,6,3,1,2,1,,8,,8,,2,,1,7,,1,12,3
,1,,,,4,2,,2,,1,,,,,,14,6,1,10,13,,1,,1,,,2,,1,1,,,,,,,1,,,2,4,,4,3,1,1,,,6,,8,,2,,,6,,1,12,2
,1,,,,3,,,,,,,,,,,14,5,1,10,11,,1,,,,,2,,1,1,,,,,,,1,,,2,4,,4,1,1,1,,,6,,6,,2,,,6,,,12,2
,1,,,,3,,,,,,,,,,,14,5,1,9,10,,1,,,,,2,,1,1,,,,,,,1,,,1,4,,3,1,1,1,,,1,,6,,2,,,5,,,11,2
,1,,,,2,,,,,,,,,,,13,3,1,8,9,,1,,,,,2,,1,1,,,,,,,1,,,1,3,,1,1,1,1,,,1,,6,,2,,,5,,,9,2
,1,,,,2,,,,,,,,,,,13,3,1,6,5,,1,,,,,2,,1,1,,,,,,,1,,,,3,,1,1,1,,,,,,4,,2,,,4,,,3,2
,1,,,,2,,,,,,,,,,,13,3,1,5,3,,,,,,,2,,1,1,,,,,,,,,,,1,,1,1,1,,,,,,3,,2,,,3,,,3,2
,1,,,,2,,,,,,,,,,,11,3,1,5,2,,,,,,,1,,1,1,,,,,,,,,,,,,,1,1,,,,,,3,,2,,,1,,,1,1
,1,,,,2,,,,,,,,,,,11,3,1,4,,,,,,,,1,,1,1,,,,,,,,,,,,,,1,1,,,,,,1,,2,,,,,,,1
,1,,,,2,,,,,,,,,,,11,3,1,2,,,,,,,,,,1,,,,,,,,,,,,,,,1,1,,,,,,,,2,,,,,,,
,1,,,,2,,,,,,,,,,,10,3,,1,,,,,,,,,,1,,,,,,,,,,,,,,,,1,,,,,,,,2,,,,,,,
,1,,,,1,,,,,,,,,,,10,3,,1,,,,,,,,,,1,,,,,,,,,,,,,,,,1,,,,,,,,1,,,,,,,
,1,,,,1,,,,,,,,,,,7,2,,1,,,,,,,,,,1,,,,,,,,,,,,,,,,1,,,,,,,,,,,,,,,
,1,,,,1,,,,,,,,,,,7,2,,1,,,,,,,,,,,,,,,,,,,,,,,,,,1,,,,,,,,,,,,,,,
,1,,,,,,,,,,,,,,,6,2,,,,,,,,,,,,,,,,,,,,,,,,,,,,1,,,,,,,,,,,,,,,
,1,,,,,,,,,,,,,,,6,2,,,,,,,,,,,,,,,,,,,,,,,,,,,,1,,,,,,,,,,,,,,,
,1,,,,,,,,,,,,,,,3,2,,,,,,,,,,,,,,,,,,,,,,,,,,,,1,,,,,,,,,,,,,,,
,1,,,,,,,,,,,,,,,3,1,,,,,,,,,,,,,,,,,,,,,,,,,,,,1,,,,,,,,,,,,,,,
,1,,,,,,,,,,,,,,,2,1,,,,,,,,,,,,,,,,,,,,,,,,,,,,1,,,,,,,,,,,,,,,
,1,,,,,,,,,,,,,,,1,,,,,,,,,,,,,,,,,,,,,,,,,,,,,1,,,,,,,,,,,,,,,
,1,,,,,,,,,,,,,,,,,,,,,,,,,,,,,,,,,,,,,,,,,,,,1,,,,,,,,,,,,,,,
,1,,,,,,,,,,,,,,,,,,,,,,,,,,,,,,,,,,,,,,,,,,,,1,,,,,,,,,,,,,,,
,1,,,,,,,,,,,,,,,,,,,,,,,,,,,,,,,,,,,,,,,,,,,,1,,,,,,,,,,,,,,,
,1,,,,,,,,,,,,,,,,,,,,,,,,,,,,,,,,,,,,,,,,,,,,1,,,,,,,,,,,,,,,
,1,,,,,,,,,,,,,,,,,,,,,,,,,,,,,,,,,,,,,,,,,,,,,,,,,,,,,,,,,,,
,1,,,,,,,,,,,,,,,,,,,,,,,,,,,,,,,,,,,,,,,,,,,,,,,,,,,,,,,,,,,
,1,,,,,,,,,,,,,,,,,,,,,,,,,,,,,,,,,,,,,,,,,,,,,,,,,,,,,,,,,,,
,1,,,,,,,,,,,,,,,,,,,,,,,,,,,,,,,,,,,,,,,,,,,,,,,,,,,,,,,,,,,
,1,,,,,,,,,,,,,,,,,,,,,,,,,,,,,,,,,,,,,,,,,,,,,,,,,,,,,,,,,,,
,1,,,,,,,,,,,,,,,,,,,,,,,,,,,,,,,,,,,,,,,,,,,,,,,,,,,,,,,,,,,
,1,,,,,,,,,,,,,,,,,,,,,,,,,,,,,,,,,,,,,,,,,,,,,,,,,,,,,,,,,,,
,1,,,,,,,,,,,,,,,,,,,,,,,,,,,,,,,,,,,,,,,,,,,,,,,,,,,,,,,,,,,
,1,,,,,,,,,,,,,,,,,,,,,,,,,,,,,,,,,,,,,,,,,,,,,,,,,,,,,,,,,,,
,1,,,,,,,,,,,,,,,,,,,,,,,,,,,,,,,,,,,,,,,,,,,,,,,,,,,,,,,,,,,
,1,,,,,,,,,,,,,,,,,,,,,,,,,,,,,,,,,,,,,,,,,,,,,,,,,,,,,,,,,,,
,1,,,,,,,,,,,,,,,,,,,,,,,,,,,,,,,,,,,,,,,,,,,,,,,,,,,,,,,,,,,
,1,,,,,,,,,,,,,,,,,,,,,,,,,,,,,,,,,,,,,,,,,,,,,,,,,,,,,,,,,,,
